model,model_label,file,dataset_id,country,status,decision_status,processing_ms,wall_ms,error,hit_document_number,hit_surname,hit_given_names,hit_nationality,hit_birth_date,hit_sex,hit_expiry_date,field_exact_count,field_total,field_exact_pct,mrz_line_exact_count,mrz_line_exact_pct,mrz_found,mrz_td3,mrz_required_valid,detected_objects,reason_codes
rapidocr,RapidOCR ONNX,CHN/CHN_001.jpg,CHN-001,CHN,ok,retry_capture,4443,4444,,True,False,False,True,True,False,True,4,7,57.14,1,50.0,True,False,False,30,"EXCESSIVE_GLARE,MRZ_INVALID_FORMAT"
rapidocr,RapidOCR ONNX,CHN/CHN_002.jpg,CHN-002,CHN,ok,retry_capture,3721,3722,,True,False,True,True,True,False,True,5,7,71.43,1,50.0,True,False,False,30,MRZ_INVALID_FORMAT
rapidocr,RapidOCR ONNX,CHN/CHN_003.jpg,CHN-003,CHN,ok,retry_capture,3896,3904,,True,True,True,True,True,False,True,6,7,85.71,2,100.0,True,False,False,30,"EXCESSIVE_GLARE,MRZ_INVALID_FORMAT"
rapidocr,RapidOCR ONNX,CHN/CHN_004.jpg,CHN-004,CHN,ok,retry_capture,3590,3598,,True,True,True,True,True,False,True,6,7,85.71,1,50.0,True,False,False,30,"EXCESSIVE_GLARE,MRZ_INVALID_FORMAT"
rapidocr,RapidOCR ONNX,CHN/CHN_005.jpg,CHN-005,CHN,ok,retry_capture,3372,3380,,True,True,True,True,True,False,True,6,7,85.71,2,100.0,True,False,False,30,MRZ_INVALID_FORMAT
rapidocr,RapidOCR ONNX,CHN/CHN_006.jpg,CHN-006,CHN,ok,retry_capture,4289,4297,,True,False,False,True,True,False,True,4,7,57.14,1,50.0,True,False,False,30,MRZ_INVALID_FORMAT
rapidocr,RapidOCR ONNX,CHN/CHN_007.jpg,CHN-007,CHN,ok,retry_capture,3944,3952,,True,True,True,True,True,False,True,6,7,85.71,2,100.0,True,False,False,31,MRZ_INVALID_FORMAT
rapidocr,RapidOCR ONNX,CHN/CHN_008.jpg,CHN-008,CHN,ok,retry_capture,4312,4320,,True,False,True,True,True,False,True,5,7,71.43,1,50.0,True,False,False,30,"EXCESSIVE_GLARE,MRZ_INVALID_FORMAT"
rapidocr,RapidOCR ONNX,CHN/CHN_009.jpg,CHN-009,CHN,ok,retry_capture,3723,3724,,True,False,False,True,True,False,True,4,7,57.14,0,0.0,False,False,False,31,MRZ_NOT_FOUND
rapidocr,RapidOCR ONNX,CHN/CHN_010.jpg,CHN-010,CHN,ok,retry_capture,3662,3670,,True,True,True,True,True,False,True,6,7,85.71,1,50.0,True,False,False,29,"EXCESSIVE_GLARE,MRZ_INVALID_FORMAT"
rapidocr,RapidOCR ONNX,CHN/CHN_011.jpg,CHN-011,CHN,ok,retry_capture,3493,3501,,True,False,False,True,True,False,True,4,7,57.14,1,50.0,True,False,False,29,MRZ_INVALID_FORMAT
rapidocr,RapidOCR ONNX,CHN/CHN_012.jpg,CHN-012,CHN,ok,retry_capture,4339,4347,,True,True,True,True,True,False,True,6,7,85.71,2,100.0,True,False,False,30,"EXCESSIVE_GLARE,MRZ_INVALID_FORMAT"
rapidocr,RapidOCR ONNX,CHN/CHN_013.jpg,CHN-013,CHN,ok,retry_capture,3947,3955,,True,False,False,True,True,False,True,4,7,57.14,1,50.0,True,False,False,29,"EXCESSIVE_GLARE,MRZ_INVALID_FORMAT"
rapidocr,RapidOCR ONNX,CHN/CHN_014.jpg,CHN-014,CHN,ok,retry_capture,4160,4168,,True,True,False,True,True,False,True,5,7,71.43,1,50.0,True,False,False,30,MRZ_INVALID_FORMAT
rapidocr,RapidOCR ONNX,CHN/CHN_015.jpg,CHN-015,CHN,ok,retry_capture,3782,3790,,True,False,False,True,True,False,True,4,7,57.14,1,50.0,True,False,False,29,MRZ_INVALID_FORMAT
rapidocr,RapidOCR ONNX,CHN/CHN_016.jpg,CHN-016,CHN,ok,retry_capture,3728,3730,,True,True,True,True,True,False,True,6,7,85.71,2,100.0,True,False,False,30,"EXCESSIVE_GLARE,MRZ_INVALID_FORMAT"
rapidocr,RapidOCR ONNX,CHN/CHN_017.jpg,CHN-017,CHN,ok,retry_capture,3893,3901,,True,False,False,True,True,False,False,3,7,42.86,1,50.0,True,False,False,29,MRZ_INVALID_FORMAT
rapidocr,RapidOCR ONNX,CHN/CHN_018.jpg,CHN-018,CHN,ok,retry_capture,4673,4681,,True,True,True,True,True,False,True,6,7,85.71,2,100.0,True,False,False,30,"EXCESSIVE_GLARE,MRZ_INVALID_FORMAT"
rapidocr,RapidOCR ONNX,CHN/CHN_019.jpg,CHN-019,CHN,ok,retry_capture,4265,4273,,True,False,True,True,True,False,True,5,7,71.43,1,50.0,True,False,False,30,"EXCESSIVE_GLARE,MRZ_INVALID_FORMAT"
rapidocr,RapidOCR ONNX,CHN/CHN_020.jpg,CHN-020,CHN,ok,retry_capture,4222,4230,,True,False,True,True,True,False,True,5,7,71.43,1,50.0,True,False,False,29,"EXCESSIVE_GLARE,MRZ_INVALID_FORMAT"
rapidocr,RapidOCR ONNX,CHN/CHN_021.jpg,CHN-021,CHN,ok,retry_capture,3692,3700,,True,False,False,True,True,False,True,4,7,57.14,1,50.0,True,False,False,29,MRZ_INVALID_FORMAT
rapidocr,RapidOCR ONNX,CHN/CHN_022.jpg,CHN-022,CHN,ok,retry_capture,3675,3683,,True,True,True,True,True,False,True,6,7,85.71,2,100.0,True,False,False,29,"EXCESSIVE_GLARE,MRZ_INVALID_FORMAT"
rapidocr,RapidOCR ONNX,CHN/CHN_023.jpg,CHN-023,CHN,ok,retry_capture,4193,4201,,True,True,False,True,True,False,True,5,7,71.43,1,50.0,True,False,False,29,MRZ_INVALID_FORMAT
rapidocr,RapidOCR ONNX,CHN/CHN_024.jpg,CHN-024,CHN,ok,retry_capture,4162,4169,,True,True,False,True,True,False,True,5,7,71.43,0,0.0,True,False,False,29,"EXCESSIVE_GLARE,MRZ_INVALID_FORMAT"
rapidocr,RapidOCR ONNX,CHN/CHN_025.jpg,CHN-025,CHN,ok,retry_capture,4535,4543,,True,False,False,True,True,False,True,4,7,57.14,1,50.0,True,False,False,29,MRZ_INVALID_FORMAT
rapidocr,RapidOCR ONNX,CHN/CHN_026.jpg,CHN-026,CHN,ok,retry_capture,3875,3883,,True,False,False,True,True,False,True,4,7,57.14,1,50.0,True,False,False,30,MRZ_INVALID_FORMAT
rapidocr,RapidOCR ONNX,CHN/CHN_027.jpg,CHN-027,CHN,ok,retry_capture,4383,4384,,True,False,False,True,True,False,True,4,7,57.14,1,50.0,True,False,False,30,"EXCESSIVE_GLARE,MRZ_INVALID_FORMAT"
rapidocr,RapidOCR ONNX,CHN/CHN_028.jpg,CHN-028,CHN,ok,retry_capture,4061,4062,,True,True,False,True,True,False,True,5,7,71.43,1,50.0,True,False,False,31,MRZ_INVALID_FORMAT
rapidocr,RapidOCR ONNX,CHN/CHN_029.jpg,CHN-029,CHN,ok,retry_capture,3560,3568,,True,True,True,True,True,False,True,6,7,85.71,2,100.0,True,False,False,30,MRZ_INVALID_FORMAT
rapidocr,RapidOCR ONNX,CHN/CHN_030.jpg,CHN-030,CHN,ok,retry_capture,3819,3827,,True,False,False,True,True,True,True,5,7,71.43,1,50.0,True,False,False,31,"EXCESSIVE_GLARE,MRZ_INVALID_FORMAT"
rapidocr,RapidOCR ONNX,CHN/CHN_031.jpg,CHN-031,CHN,ok,retry_capture,3182,3190,,True,True,True,True,True,False,True,6,7,85.71,2,100.0,True,False,False,30,"EXCESSIVE_GLARE,MRZ_INVALID_FORMAT"
rapidocr,RapidOCR ONNX,CHN/CHN_032.jpg,CHN-032,CHN,ok,retry_capture,3713,3721,,True,False,True,True,True,False,True,5,7,71.43,1,50.0,True,False,False,29,"EXCESSIVE_GLARE,MRZ_INVALID_FORMAT"
rapidocr,RapidOCR ONNX,CHN/CHN_033.jpg,CHN-033,CHN,ok,retry_capture,3874,3882,,True,True,True,True,True,False,True,6,7,85.71,2,100.0,True,False,False,29,"EXCESSIVE_GLARE,MRZ_INVALID_FORMAT"
rapidocr,RapidOCR ONNX,CHN/CHN_034.jpg,CHN-034,CHN,ok,retry_capture,4404,4413,,True,False,False,True,True,False,True,4,7,57.14,0,0.0,False,False,False,30,MRZ_NOT_FOUND
rapidocr,RapidOCR ONNX,CHN/CHN_035.jpg,CHN-035,CHN,ok,retry_capture,3579,3587,,True,True,True,True,True,False,True,6,7,85.71,2,100.0,True,False,False,30,"EXCESSIVE_GLARE,MRZ_INVALID_FORMAT"
rapidocr,RapidOCR ONNX,CHN/CHN_036.jpg,CHN-036,CHN,ok,retry_capture,3705,3713,,True,True,True,True,True,False,True,6,7,85.71,2,100.0,True,False,False,29,MRZ_INVALID_FORMAT
rapidocr,RapidOCR ONNX,CHN/CHN_037.jpg,CHN-037,CHN,ok,retry_capture,3890,3899,,True,True,False,True,True,False,True,5,7,71.43,1,50.0,True,False,False,29,"EXCESSIVE_GLARE,MRZ_INVALID_FORMAT"
rapidocr,RapidOCR ONNX,CHN/CHN_038.jpg,CHN-038,CHN,ok,retry_capture,4056,4064,,True,False,False,True,True,False,True,4,7,57.14,1,50.0,True,False,False,30,MRZ_INVALID_FORMAT
rapidocr,RapidOCR ONNX,CHN/CHN_039.jpg,CHN-039,CHN,ok,retry_capture,3602,3610,,True,True,False,True,True,False,True,5,7,71.43,1,50.0,True,False,False,31,MRZ_INVALID_FORMAT
rapidocr,RapidOCR ONNX,CHN/CHN_040.jpg,CHN-040,CHN,ok,retry_capture,3853,3861,,True,True,False,True,True,False,True,5,7,71.43,1,50.0,True,False,False,30,"EXCESSIVE_GLARE,MRZ_INVALID_FORMAT"
rapidocr,RapidOCR ONNX,CHN/CHN_041.jpg,CHN-041,CHN,ok,retry_capture,4665,4673,,True,False,False,True,True,False,True,4,7,57.14,1,50.0,True,False,False,30,MRZ_INVALID_FORMAT
rapidocr,RapidOCR ONNX,CHN/CHN_042.jpg,CHN-042,CHN,ok,retry_capture,3646,3654,,True,False,False,True,True,False,True,4,7,57.14,1,50.0,True,False,False,29,MRZ_INVALID_FORMAT
rapidocr,RapidOCR ONNX,CHN/CHN_043.jpg,CHN-043,CHN,ok,retry_capture,4427,4435,,True,False,False,True,True,False,True,4,7,57.14,1,50.0,True,False,False,30,"EXCESSIVE_GLARE,MRZ_INVALID_FORMAT"
rapidocr,RapidOCR ONNX,CHN/CHN_044.jpg,CHN-044,CHN,ok,retry_capture,4057,4058,,True,False,False,True,True,False,True,4,7,57.14,1,50.0,True,False,False,30,MRZ_INVALID_FORMAT
rapidocr,RapidOCR ONNX,CHN/CHN_045.jpg,CHN-045,CHN,ok,retry_capture,4007,4015,,True,False,False,True,True,False,True,4,7,57.14,1,50.0,True,False,False,30,"EXCESSIVE_GLARE,MRZ_INVALID_FORMAT"
rapidocr,RapidOCR ONNX,CHN/CHN_046.jpg,CHN-046,CHN,ok,retry_capture,3743,3751,,True,False,False,True,True,False,True,4,7,57.14,1,50.0,True,False,False,29,MRZ_INVALID_FORMAT
rapidocr,RapidOCR ONNX,CHN/CHN_047.jpg,CHN-047,CHN,ok,retry_capture,3788,3796,,True,True,True,True,False,False,False,4,7,57.14,2,100.0,True,False,False,29,"EXCESSIVE_GLARE,MRZ_INVALID_FORMAT"
rapidocr,RapidOCR ONNX,CHN/CHN_048.jpg,CHN-048,CHN,ok,retry_capture,4146,4155,,True,False,False,True,True,False,True,4,7,57.14,0,0.0,False,False,False,30,"EXCESSIVE_GLARE,MRZ_NOT_FOUND"
rapidocr,RapidOCR ONNX,CHN/CHN_049.jpg,CHN-049,CHN,ok,retry_capture,4070,4078,,True,True,False,True,True,False,True,5,7,71.43,1,50.0,True,False,False,30,MRZ_INVALID_FORMAT
rapidocr,RapidOCR ONNX,CHN/CHN_050.jpg,CHN-050,CHN,ok,retry_capture,4456,4464,,True,True,True,True,True,False,True,6,7,85.71,2,100.0,True,False,False,29,MRZ_INVALID_FORMAT
rapidocr,RapidOCR ONNX,UZB/UZB_001.jpg,UZB-001,UZB,ok,retry_capture,3915,3922,,True,True,True,True,True,False,True,6,7,85.71,2,100.0,True,False,False,30,"EXCESSIVE_GLARE,MRZ_INVALID_FORMAT"
rapidocr,RapidOCR ONNX,UZB/UZB_002.jpg,UZB-002,UZB,ok,retry_capture,3759,3767,,True,True,True,True,True,False,True,6,7,85.71,2,100.0,True,False,False,30,"EXCESSIVE_GLARE,MRZ_INVALID_FORMAT"
rapidocr,RapidOCR ONNX,UZB/UZB_003.jpg,UZB-003,UZB,ok,retry_capture,4081,4089,,True,True,True,True,True,False,True,6,7,85.71,2,100.0,True,False,False,30,MRZ_INVALID_FORMAT
rapidocr,RapidOCR ONNX,UZB/UZB_004.jpg,UZB-004,UZB,ok,retry_capture,3949,3957,,True,True,True,True,True,False,True,6,7,85.71,2,100.0,True,False,False,29,"EXCESSIVE_GLARE,MRZ_INVALID_FORMAT"
rapidocr,RapidOCR ONNX,UZB/UZB_005.jpg,UZB-005,UZB,ok,retry_capture,3943,3951,,True,True,True,True,True,False,True,6,7,85.71,2,100.0,True,False,False,30,"EXCESSIVE_GLARE,MRZ_INVALID_FORMAT"
rapidocr,RapidOCR ONNX,UZB/UZB_006.jpg,UZB-006,UZB,ok,retry_capture,4229,4237,,True,True,True,True,True,False,True,6,7,85.71,2,100.0,True,False,False,31,MRZ_INVALID_FORMAT
rapidocr,RapidOCR ONNX,UZB/UZB_007.jpg,UZB-007,UZB,ok,retry_capture,3779,3781,,True,True,True,True,True,False,False,5,7,71.43,2,100.0,True,False,False,30,"EXCESSIVE_GLARE,MRZ_INVALID_FORMAT"
rapidocr,RapidOCR ONNX,UZB/UZB_008.jpg,UZB-008,UZB,ok,retry_capture,3232,3240,,True,True,True,True,True,False,True,6,7,85.71,2,100.0,True,False,False,29,"EXCESSIVE_GLARE,MRZ_INVALID_FORMAT"
rapidocr,RapidOCR ONNX,UZB/UZB_009.jpg,UZB-009,UZB,ok,retry_capture,3934,3942,,True,True,True,True,True,False,True,6,7,85.71,2,100.0,True,False,False,29,MRZ_INVALID_FORMAT
rapidocr,RapidOCR ONNX,UZB/UZB_010.jpg,UZB-010,UZB,ok,retry_capture,3468,3476,,True,True,True,True,True,False,True,6,7,85.71,1,50.0,True,False,False,30,MRZ_INVALID_FORMAT
rapidocr,RapidOCR ONNX,UZB/UZB_011.jpg,UZB-011,UZB,ok,retry_capture,3292,3300,,True,True,True,True,True,False,True,6,7,85.71,2,100.0,True,False,False,29,MRZ_INVALID_FORMAT
rapidocr,RapidOCR ONNX,UZB/UZB_012.jpg,UZB-012,UZB,ok,retry_capture,3733,3741,,True,True,True,True,True,False,True,6,7,85.71,2,100.0,True,False,False,29,"EXCESSIVE_GLARE,MRZ_INVALID_FORMAT"
rapidocr,RapidOCR ONNX,UZB/UZB_013.jpg,UZB-013,UZB,ok,retry_capture,4462,4470,,True,True,True,True,True,False,True,6,7,85.71,2,100.0,True,False,False,29,"EXCESSIVE_GLARE,MRZ_INVALID_FORMAT"
rapidocr,RapidOCR ONNX,UZB/UZB_014.jpg,UZB-014,UZB,ok,retry_capture,4052,4053,,True,True,True,True,True,False,True,6,7,85.71,1,50.0,True,False,False,29,MRZ_INVALID_FORMAT
rapidocr,RapidOCR ONNX,UZB/UZB_015.jpg,UZB-015,UZB,ok,retry_capture,4032,4040,,True,True,True,True,True,False,True,6,7,85.71,2,100.0,True,False,False,30,MRZ_INVALID_FORMAT
rapidocr,RapidOCR ONNX,UZB/UZB_016.jpg,UZB-016,UZB,ok,retry_capture,4008,4016,,True,True,True,True,True,False,True,6,7,85.71,2,100.0,True,False,False,29,"OVEREXPOSED,EXCESSIVE_GLARE,MRZ_INVALID_FORMAT"
rapidocr,RapidOCR ONNX,UZB/UZB_017.jpg,UZB-017,UZB,ok,retry_capture,3608,3616,,True,True,True,True,True,False,True,6,7,85.71,2,100.0,True,False,False,30,"EXCESSIVE_GLARE,MRZ_INVALID_FORMAT"
rapidocr,RapidOCR ONNX,UZB/UZB_018.jpg,UZB-018,UZB,ok,retry_capture,3917,3925,,True,True,True,True,True,False,True,6,7,85.71,2,100.0,True,False,False,29,MRZ_INVALID_FORMAT
rapidocr,RapidOCR ONNX,UZB/UZB_019.jpg,UZB-019,UZB,ok,retry_capture,3940,3942,,True,True,True,True,True,False,True,6,7,85.71,2,100.0,True,False,False,30,MRZ_INVALID_FORMAT
rapidocr,RapidOCR ONNX,UZB/UZB_020.jpg,UZB-020,UZB,ok,retry_capture,3829,3837,,True,True,True,True,True,False,True,6,7,85.71,1,50.0,True,False,False,29,"EXCESSIVE_GLARE,MRZ_INVALID_FORMAT"
rapidocr,RapidOCR ONNX,UZB/UZB_021.jpg,UZB-021,UZB,ok,retry_capture,4039,4048,,True,True,True,True,True,False,True,6,7,85.71,2,100.0,True,False,False,29,"EXCESSIVE_GLARE,MRZ_INVALID_FORMAT"
rapidocr,RapidOCR ONNX,UZB/UZB_022.jpg,UZB-022,UZB,ok,retry_capture,3416,3424,,True,True,True,True,True,False,True,6,7,85.71,2,100.0,True,False,False,30,"EXCESSIVE_GLARE,MRZ_INVALID_FORMAT"
rapidocr,RapidOCR ONNX,UZB/UZB_023.jpg,UZB-023,UZB,ok,retry_capture,4563,4571,,True,True,True,True,True,False,True,6,7,85.71,2,100.0,True,False,False,29,MRZ_INVALID_FORMAT
rapidocr,RapidOCR ONNX,UZB/UZB_024.jpg,UZB-024,UZB,ok,retry_capture,3530,3538,,True,True,True,True,True,False,True,6,7,85.71,2,100.0,True,False,False,29,MRZ_INVALID_FORMAT
rapidocr,RapidOCR ONNX,UZB/UZB_025.jpg,UZB-025,UZB,ok,retry_capture,4801,4809,,True,True,True,True,True,False,True,6,7,85.71,2,100.0,True,False,False,29,MRZ_INVALID_FORMAT
rapidocr,RapidOCR ONNX,UZB/UZB_026.jpg,UZB-026,UZB,ok,retry_capture,3869,3877,,True,True,True,True,True,False,True,6,7,85.71,2,100.0,True,False,False,30,"EXCESSIVE_GLARE,MRZ_INVALID_FORMAT"
rapidocr,RapidOCR ONNX,UZB/UZB_027.jpg,UZB-027,UZB,ok,retry_capture,3891,3892,,True,True,True,True,False,True,True,6,7,85.71,1,50.0,True,False,False,31,"EXCESSIVE_GLARE,MRZ_INVALID_FORMAT"
rapidocr,RapidOCR ONNX,UZB/UZB_028.jpg,UZB-028,UZB,ok,retry_capture,4429,4437,,True,True,True,True,True,False,True,6,7,85.71,2,100.0,True,False,False,30,"EXCESSIVE_GLARE,MRZ_INVALID_FORMAT"
rapidocr,RapidOCR ONNX,UZB/UZB_029.jpg,UZB-029,UZB,ok,retry_capture,3585,3587,,True,True,True,True,True,False,True,6,7,85.71,1,50.0,True,False,False,30,MRZ_INVALID_FORMAT
rapidocr,RapidOCR ONNX,UZB/UZB_030.jpg,UZB-030,UZB,ok,retry_capture,3390,3398,,True,True,True,True,True,False,True,6,7,85.71,2,100.0,True,False,False,30,MRZ_INVALID_FORMAT
rapidocr,RapidOCR ONNX,UZB/UZB_031.jpg,UZB-031,UZB,ok,retry_capture,4376,4383,,True,True,True,True,True,False,True,6,7,85.71,2,100.0,True,False,False,30,"EXCESSIVE_GLARE,MRZ_INVALID_FORMAT"
rapidocr,RapidOCR ONNX,UZB/UZB_032.jpg,UZB-032,UZB,ok,retry_capture,4655,4656,,True,False,True,True,True,False,True,5,7,71.43,1,50.0,True,False,False,30,"EXCESSIVE_GLARE,MRZ_INVALID_FORMAT"
rapidocr,RapidOCR ONNX,UZB/UZB_033.jpg,UZB-033,UZB,ok,retry_capture,4284,4292,,True,True,True,True,True,False,True,6,7,85.71,2,100.0,True,False,False,29,"EXCESSIVE_GLARE,MRZ_INVALID_FORMAT"
rapidocr,RapidOCR ONNX,UZB/UZB_034.jpg,UZB-034,UZB,ok,retry_capture,3614,3622,,True,True,True,True,True,False,True,6,7,85.71,2,100.0,True,False,False,30,MRZ_INVALID_FORMAT
rapidocr,RapidOCR ONNX,UZB/UZB_035.jpg,UZB-035,UZB,ok,retry_capture,3975,3983,,True,True,True,True,True,False,True,6,7,85.71,2,100.0,True,False,False,29,"EXCESSIVE_GLARE,MRZ_INVALID_FORMAT"
rapidocr,RapidOCR ONNX,UZB/UZB_036.jpg,UZB-036,UZB,ok,retry_capture,3647,3655,,True,True,True,True,True,False,True,6,7,85.71,2,100.0,True,False,False,29,"EXCESSIVE_GLARE,MRZ_INVALID_FORMAT"
rapidocr,RapidOCR ONNX,UZB/UZB_037.jpg,UZB-037,UZB,ok,retry_capture,3705,3713,,True,True,True,True,True,False,True,6,7,85.71,2,100.0,True,False,False,30,MRZ_INVALID_FORMAT
rapidocr,RapidOCR ONNX,UZB/UZB_038.jpg,UZB-038,UZB,ok,retry_capture,4109,4110,,True,True,True,True,True,False,True,6,7,85.71,2,100.0,True,False,False,29,"EXCESSIVE_GLARE,MRZ_INVALID_FORMAT"
rapidocr,RapidOCR ONNX,UZB/UZB_039.jpg,UZB-039,UZB,ok,retry_capture,4333,4341,,True,True,True,True,True,False,True,6,7,85.71,2,100.0,True,False,False,29,MRZ_INVALID_FORMAT
rapidocr,RapidOCR ONNX,UZB/UZB_040.jpg,UZB-040,UZB,ok,retry_capture,4285,4292,,True,True,True,True,True,False,True,6,7,85.71,2,100.0,True,False,False,29,"EXCESSIVE_GLARE,MRZ_INVALID_FORMAT"
rapidocr,RapidOCR ONNX,UZB/UZB_041.jpg,UZB-041,UZB,ok,retry_capture,4461,4469,,True,True,True,True,True,False,True,6,7,85.71,2,100.0,True,False,False,30,"EXCESSIVE_GLARE,MRZ_INVALID_FORMAT"
rapidocr,RapidOCR ONNX,UZB/UZB_042.jpg,UZB-042,UZB,ok,retry_capture,4394,4402,,True,True,True,True,True,False,True,6,7,85.71,2,100.0,True,False,False,29,"EXCESSIVE_GLARE,MRZ_INVALID_FORMAT"
rapidocr,RapidOCR ONNX,UZB/UZB_043.jpg,UZB-043,UZB,ok,retry_capture,3143,3151,,True,True,True,True,True,False,True,6,7,85.71,2,100.0,True,False,False,30,"EXCESSIVE_GLARE,MRZ_INVALID_FORMAT"
rapidocr,RapidOCR ONNX,UZB/UZB_044.jpg,UZB-044,UZB,ok,retry_capture,4005,4013,,True,True,True,True,True,False,True,6,7,85.71,2,100.0,True,False,False,30,MRZ_INVALID_FORMAT
rapidocr,RapidOCR ONNX,UZB/UZB_045.jpg,UZB-045,UZB,ok,retry_capture,3533,3541,,True,True,True,True,True,False,True,6,7,85.71,2,100.0,True,False,False,30,"EXCESSIVE_GLARE,MRZ_INVALID_FORMAT"
rapidocr,RapidOCR ONNX,UZB/UZB_046.jpg,UZB-046,UZB,ok,retry_capture,4377,4385,,True,True,True,True,True,False,True,6,7,85.71,2,100.0,True,False,False,30,MRZ_INVALID_FORMAT
rapidocr,RapidOCR ONNX,UZB/UZB_047.jpg,UZB-047,UZB,ok,retry_capture,3910,3918,,True,True,True,True,True,False,True,6,7,85.71,2,100.0,True,False,False,29,"EXCESSIVE_GLARE,MRZ_INVALID_FORMAT"
rapidocr,RapidOCR ONNX,UZB/UZB_048.jpg,UZB-048,UZB,ok,retry_capture,4897,4905,,True,True,True,True,True,False,True,6,7,85.71,2,100.0,True,False,False,29,"EXCESSIVE_GLARE,MRZ_INVALID_FORMAT"
rapidocr,RapidOCR ONNX,UZB/UZB_049.jpg,UZB-049,UZB,ok,retry_capture,4197,4205,,True,True,True,True,True,False,False,5,7,71.43,2,100.0,True,False,False,29,MRZ_INVALID_FORMAT
rapidocr,RapidOCR ONNX,UZB/UZB_050.jpg,UZB-050,UZB,ok,retry_capture,3912,3920,,True,True,True,True,True,False,True,6,7,85.71,2,100.0,True,False,False,30,"EXCESSIVE_GLARE,MRZ_INVALID_FORMAT"
rapidocr,RapidOCR ONNX,RUS/RUS_001.jpg,RUS-001,RUS,ok,retry_capture,3833,3841,,True,False,False,True,True,False,True,4,7,57.14,1,50.0,True,False,False,30,"EXCESSIVE_GLARE,MRZ_INVALID_FORMAT"
rapidocr,RapidOCR ONNX,RUS/RUS_002.jpg,RUS-002,RUS,ok,retry_capture,3972,3980,,True,False,False,True,True,False,False,3,7,42.86,2,100.0,True,False,False,30,"EXCESSIVE_GLARE,MRZ_INVALID_FORMAT"
rapidocr,RapidOCR ONNX,RUS/RUS_003.jpg,RUS-003,RUS,ok,retry_capture,4294,4296,,True,False,False,True,True,False,True,4,7,57.14,2,100.0,True,False,False,30,"EXCESSIVE_GLARE,MRZ_INVALID_FORMAT"
rapidocr,RapidOCR ONNX,RUS/RUS_004.jpg,RUS-004,RUS,ok,retry_capture,3607,3616,,True,False,False,True,True,False,True,4,7,57.14,1,50.0,True,False,False,30,MRZ_INVALID_FORMAT
rapidocr,RapidOCR ONNX,RUS/RUS_005.jpg,RUS-005,RUS,ok,retry_capture,3763,3770,,True,False,False,True,True,False,True,4,7,57.14,2,100.0,True,False,False,30,"EXCESSIVE_GLARE,MRZ_INVALID_FORMAT"
rapidocr,RapidOCR ONNX,RUS/RUS_006.jpg,RUS-006,RUS,ok,retry_capture,4084,4092,,True,False,False,True,True,False,True,4,7,57.14,2,100.0,True,False,False,29,"EXCESSIVE_GLARE,MRZ_INVALID_FORMAT"
rapidocr,RapidOCR ONNX,RUS/RUS_007.jpg,RUS-007,RUS,ok,retry_capture,3851,3859,,True,False,False,True,True,False,True,4,7,57.14,2,100.0,True,False,False,29,"EXCESSIVE_GLARE,MRZ_INVALID_FORMAT"
rapidocr,RapidOCR ONNX,RUS/RUS_008.jpg,RUS-008,RUS,ok,retry_capture,3994,4002,,True,False,False,True,True,False,True,4,7,57.14,1,50.0,True,False,False,30,"EXCESSIVE_GLARE,MRZ_INVALID_FORMAT"
rapidocr,RapidOCR ONNX,RUS/RUS_009.jpg,RUS-009,RUS,ok,retry_capture,3946,3954,,True,False,False,True,True,False,True,4,7,57.14,2,100.0,True,False,False,29,MRZ_INVALID_FORMAT
rapidocr,RapidOCR ONNX,RUS/RUS_010.jpg,RUS-010,RUS,ok,retry_capture,3611,3612,,True,False,False,True,True,False,True,4,7,57.14,1,50.0,True,False,False,29,MRZ_INVALID_FORMAT
rapidocr,RapidOCR ONNX,RUS/RUS_011.jpg,RUS-011,RUS,ok,retry_capture,3996,4003,,True,False,False,True,True,False,True,4,7,57.14,2,100.0,True,False,False,29,"EXCESSIVE_GLARE,MRZ_INVALID_FORMAT"
rapidocr,RapidOCR ONNX,RUS/RUS_012.jpg,RUS-012,RUS,ok,retry_capture,3615,3623,,True,False,False,True,True,False,True,4,7,57.14,2,100.0,True,False,False,29,"EXCESSIVE_GLARE,MRZ_INVALID_FORMAT"
rapidocr,RapidOCR ONNX,RUS/RUS_013.jpg,RUS-013,RUS,ok,retry_capture,3561,3568,,True,False,False,True,True,False,True,4,7,57.14,2,100.0,True,False,False,29,"EXCESSIVE_GLARE,MRZ_INVALID_FORMAT"
rapidocr,RapidOCR ONNX,RUS/RUS_014.jpg,RUS-014,RUS,ok,retry_capture,4048,4056,,True,False,False,True,True,False,True,4,7,57.14,2,100.0,True,False,False,29,MRZ_INVALID_FORMAT
rapidocr,RapidOCR ONNX,RUS/RUS_015.jpg,RUS-015,RUS,ok,retry_capture,3975,3976,,True,False,False,True,True,False,True,4,7,57.14,1,50.0,True,False,False,29,MRZ_INVALID_FORMAT
rapidocr,RapidOCR ONNX,RUS/RUS_016.jpg,RUS-016,RUS,ok,retry_capture,4600,4608,,True,False,False,True,True,False,True,4,7,57.14,2,100.0,True,False,False,29,"EXCESSIVE_GLARE,MRZ_INVALID_FORMAT"
rapidocr,RapidOCR ONNX,RUS/RUS_017.jpg,RUS-017,RUS,ok,retry_capture,4463,4471,,True,False,False,True,True,False,True,4,7,57.14,2,100.0,True,False,False,30,MRZ_INVALID_FORMAT
rapidocr,RapidOCR ONNX,RUS/RUS_018.jpg,RUS-018,RUS,ok,retry_capture,4329,4337,,True,False,False,True,True,False,True,4,7,57.14,2,100.0,True,False,False,30,"EXCESSIVE_GLARE,MRZ_INVALID_FORMAT"
rapidocr,RapidOCR ONNX,RUS/RUS_019.jpg,RUS-019,RUS,ok,retry_capture,3606,3614,,True,False,False,True,True,False,True,4,7,57.14,2,100.0,True,False,False,29,MRZ_INVALID_FORMAT
rapidocr,RapidOCR ONNX,RUS/RUS_020.jpg,RUS-020,RUS,ok,retry_capture,3967,3975,,True,False,False,True,True,False,True,4,7,57.14,2,100.0,True,False,False,29,"EXCESSIVE_GLARE,MRZ_INVALID_FORMAT"
rapidocr,RapidOCR ONNX,RUS/RUS_021.jpg,RUS-021,RUS,ok,retry_capture,3802,3811,,True,False,False,True,True,False,True,4,7,57.14,2,100.0,True,False,False,30,"EXCESSIVE_GLARE,MRZ_INVALID_FORMAT"
rapidocr,RapidOCR ONNX,RUS/RUS_022.jpg,RUS-022,RUS,ok,retry_capture,3367,3375,,True,False,False,True,True,False,True,4,7,57.14,2,100.0,True,False,False,29,"EXCESSIVE_GLARE,MRZ_INVALID_FORMAT"
rapidocr,RapidOCR ONNX,RUS/RUS_023.jpg,RUS-023,RUS,ok,retry_capture,3558,3566,,True,False,False,True,True,False,True,4,7,57.14,2,100.0,True,False,False,29,"EXCESSIVE_GLARE,MRZ_INVALID_FORMAT"
rapidocr,RapidOCR ONNX,RUS/RUS_024.jpg,RUS-024,RUS,ok,retry_capture,4447,4455,,True,False,False,True,True,False,True,4,7,57.14,2,100.0,True,False,False,29,MRZ_INVALID_FORMAT
rapidocr,RapidOCR ONNX,RUS/RUS_025.jpg,RUS-025,RUS,ok,retry_capture,4612,4620,,True,False,False,True,True,False,True,4,7,57.14,2,100.0,True,False,False,29,MRZ_INVALID_FORMAT
rapidocr,RapidOCR ONNX,RUS/RUS_026.jpg,RUS-026,RUS,ok,retry_capture,4556,4564,,True,False,False,True,True,False,True,4,7,57.14,2,100.0,True,False,False,29,MRZ_INVALID_FORMAT
rapidocr,RapidOCR ONNX,RUS/RUS_027.jpg,RUS-027,RUS,ok,retry_capture,4268,4276,,True,False,False,True,True,False,True,4,7,57.14,1,50.0,True,False,False,30,"EXCESSIVE_GLARE,MRZ_INVALID_FORMAT"
rapidocr,RapidOCR ONNX,RUS/RUS_028.jpg,RUS-028,RUS,ok,retry_capture,3764,3772,,True,False,False,True,True,False,True,4,7,57.14,1,50.0,True,False,False,30,"EXCESSIVE_GLARE,MRZ_INVALID_FORMAT"
rapidocr,RapidOCR ONNX,RUS/RUS_029.jpg,RUS-029,RUS,ok,retry_capture,4091,4099,,True,False,False,True,True,False,True,4,7,57.14,1,50.0,True,False,False,30,"EXCESSIVE_GLARE,MRZ_INVALID_FORMAT"
rapidocr,RapidOCR ONNX,RUS/RUS_030.jpg,RUS-030,RUS,ok,retry_capture,3934,3943,,True,False,False,True,True,False,True,4,7,57.14,2,100.0,True,False,False,30,"EXCESSIVE_GLARE,MRZ_INVALID_FORMAT"
rapidocr,RapidOCR ONNX,RUS/RUS_031.jpg,RUS-031,RUS,ok,retry_capture,3906,3914,,True,False,False,True,True,False,True,4,7,57.14,2,100.0,True,False,False,30,MRZ_INVALID_FORMAT
rapidocr,RapidOCR ONNX,RUS/RUS_032.jpg,RUS-032,RUS,ok,retry_capture,3705,3713,,True,False,False,True,True,False,True,4,7,57.14,2,100.0,True,False,False,29,"EXCESSIVE_GLARE,MRZ_INVALID_FORMAT"
rapidocr,RapidOCR ONNX,RUS/RUS_033.jpg,RUS-033,RUS,ok,retry_capture,3522,3530,,True,False,False,True,True,False,False,3,7,42.86,2,100.0,True,False,False,29,"EXCESSIVE_GLARE,MRZ_INVALID_FORMAT"
rapidocr,RapidOCR ONNX,RUS/RUS_034.jpg,RUS-034,RUS,ok,retry_capture,4154,4162,,True,False,False,True,True,False,True,4,7,57.14,2,100.0,True,False,False,29,MRZ_INVALID_FORMAT
rapidocr,RapidOCR ONNX,RUS/RUS_035.jpg,RUS-035,RUS,ok,retry_capture,3986,3994,,True,False,False,True,True,False,True,4,7,57.14,2,100.0,True,False,False,29,"EXCESSIVE_GLARE,MRZ_INVALID_FORMAT"
rapidocr,RapidOCR ONNX,RUS/RUS_036.jpg,RUS-036,RUS,ok,retry_capture,3836,3844,,True,False,False,True,True,False,True,4,7,57.14,2,100.0,True,False,False,29,MRZ_INVALID_FORMAT
rapidocr,RapidOCR ONNX,RUS/RUS_037.jpg,RUS-037,RUS,ok,retry_capture,3878,3886,,True,False,False,True,True,False,True,4,7,57.14,2,100.0,True,False,False,29,MRZ_INVALID_FORMAT
rapidocr,RapidOCR ONNX,RUS/RUS_038.jpg,RUS-038,RUS,ok,retry_capture,3713,3721,,True,False,False,True,True,False,True,4,7,57.14,2,100.0,True,False,False,28,"EXCESSIVE_GLARE,MRZ_INVALID_FORMAT"
rapidocr,RapidOCR ONNX,RUS/RUS_039.jpg,RUS-039,RUS,ok,retry_capture,3825,3833,,True,False,False,True,True,False,True,4,7,57.14,1,50.0,True,False,False,29,MRZ_INVALID_FORMAT
rapidocr,RapidOCR ONNX,RUS/RUS_040.jpg,RUS-040,RUS,ok,retry_capture,3616,3624,,True,False,False,True,True,False,True,4,7,57.14,2,100.0,True,False,False,30,MRZ_INVALID_FORMAT
rapidocr,RapidOCR ONNX,RUS/RUS_041.jpg,RUS-041,RUS,ok,retry_capture,3999,4007,,True,False,False,True,True,False,True,4,7,57.14,0,0.0,False,False,False,30,"EXCESSIVE_GLARE,MRZ_NOT_FOUND"
rapidocr,RapidOCR ONNX,RUS/RUS_042.jpg,RUS-042,RUS,ok,retry_capture,3973,3981,,True,False,False,True,True,False,False,3,7,42.86,1,50.0,True,False,False,29,"EXCESSIVE_GLARE,MRZ_INVALID_FORMAT"
rapidocr,RapidOCR ONNX,RUS/RUS_043.jpg,RUS-043,RUS,ok,retry_capture,3799,3807,,True,False,False,True,True,False,False,3,7,42.86,1,50.0,True,False,False,29,MRZ_INVALID_FORMAT
rapidocr,RapidOCR ONNX,RUS/RUS_044.jpg,RUS-044,RUS,ok,retry_capture,3766,3775,,True,False,False,True,True,False,True,4,7,57.14,2,100.0,True,False,False,30,MRZ_INVALID_FORMAT
rapidocr,RapidOCR ONNX,RUS/RUS_045.jpg,RUS-045,RUS,ok,retry_capture,3866,3874,,True,False,False,True,True,False,True,4,7,57.14,2,100.0,True,False,False,29,"EXCESSIVE_GLARE,MRZ_INVALID_FORMAT"
rapidocr,RapidOCR ONNX,RUS/RUS_046.jpg,RUS-046,RUS,ok,retry_capture,4207,4215,,True,False,False,True,True,False,True,4,7,57.14,2,100.0,True,False,False,29,MRZ_INVALID_FORMAT
rapidocr,RapidOCR ONNX,RUS/RUS_047.jpg,RUS-047,RUS,ok,retry_capture,4074,4082,,True,False,False,True,True,False,True,4,7,57.14,2,100.0,True,False,False,29,"EXCESSIVE_GLARE,MRZ_INVALID_FORMAT"
rapidocr,RapidOCR ONNX,RUS/RUS_048.jpg,RUS-048,RUS,ok,retry_capture,3794,3802,,True,False,False,True,True,False,True,4,7,57.14,2,100.0,True,False,False,30,"EXCESSIVE_GLARE,MRZ_INVALID_FORMAT"
rapidocr,RapidOCR ONNX,RUS/RUS_049.jpg,RUS-049,RUS,ok,retry_capture,3901,3909,,True,False,False,True,True,False,True,4,7,57.14,2,100.0,True,False,False,29,"EXCESSIVE_GLARE,MRZ_INVALID_FORMAT"
rapidocr,RapidOCR ONNX,RUS/RUS_050.jpg,RUS-050,RUS,ok,retry_capture,3586,3594,,True,False,False,True,True,False,True,4,7,57.14,1,50.0,True,False,False,29,MRZ_INVALID_FORMAT
rapidocr,RapidOCR ONNX,TUR/TUR_001.jpg,TUR-001,TUR,ok,retry_capture,4525,4533,,True,False,False,True,True,False,True,4,7,57.14,2,100.0,True,False,False,29,"EXCESSIVE_GLARE,MRZ_INVALID_FORMAT"
rapidocr,RapidOCR ONNX,TUR/TUR_002.jpg,TUR-002,TUR,ok,retry_capture,3601,3609,,True,False,True,True,True,False,True,5,7,71.43,2,100.0,True,False,False,30,"EXCESSIVE_GLARE,MRZ_INVALID_FORMAT"
rapidocr,RapidOCR ONNX,TUR/TUR_003.jpg,TUR-003,TUR,ok,retry_capture,4372,4380,,True,True,True,True,True,False,True,6,7,85.71,2,100.0,True,False,False,30,MRZ_INVALID_FORMAT
rapidocr,RapidOCR ONNX,TUR/TUR_004.jpg,TUR-004,TUR,ok,retry_capture,4386,4395,,True,False,False,True,True,False,True,4,7,57.14,2,100.0,True,False,False,30,MRZ_INVALID_FORMAT
rapidocr,RapidOCR ONNX,TUR/TUR_005.jpg,TUR-005,TUR,ok,retry_capture,4309,4317,,True,False,False,True,True,False,True,4,7,57.14,2,100.0,True,False,False,29,"EXCESSIVE_GLARE,MRZ_INVALID_FORMAT"
rapidocr,RapidOCR ONNX,TUR/TUR_006.jpg,TUR-006,TUR,ok,retry_capture,3359,3366,,True,True,True,True,True,False,True,6,7,85.71,2,100.0,True,False,False,29,"EXCESSIVE_GLARE,MRZ_INVALID_FORMAT"
rapidocr,RapidOCR ONNX,TUR/TUR_007.jpg,TUR-007,TUR,ok,retry_capture,3997,4006,,False,False,True,True,True,False,True,4,7,57.14,2,100.0,True,False,False,29,"EXCESSIVE_GLARE,MRZ_INVALID_FORMAT"
rapidocr,RapidOCR ONNX,TUR/TUR_008.jpg,TUR-008,TUR,ok,retry_capture,4137,4145,,True,True,True,True,True,False,True,6,7,85.71,2,100.0,True,False,False,29,"EXCESSIVE_GLARE,MRZ_INVALID_FORMAT"
rapidocr,RapidOCR ONNX,TUR/TUR_009.jpg,TUR-009,TUR,ok,retry_capture,4388,4396,,True,True,True,True,True,False,True,6,7,85.71,1,50.0,True,False,False,29,MRZ_INVALID_FORMAT
rapidocr,RapidOCR ONNX,TUR/TUR_010.jpg,TUR-010,TUR,ok,retry_capture,4002,4003,,True,True,True,True,True,False,True,6,7,85.71,1,50.0,True,False,False,29,MRZ_INVALID_FORMAT
rapidocr,RapidOCR ONNX,TUR/TUR_011.jpg,TUR-011,TUR,ok,retry_capture,3882,3891,,True,False,True,True,True,False,True,5,7,71.43,2,100.0,True,False,False,29,"EXCESSIVE_GLARE,MRZ_INVALID_FORMAT"
rapidocr,RapidOCR ONNX,TUR/TUR_012.jpg,TUR-012,TUR,ok,retry_capture,3886,3894,,True,False,True,True,True,False,True,5,7,71.43,2,100.0,True,False,False,29,"EXCESSIVE_GLARE,MRZ_INVALID_FORMAT"
rapidocr,RapidOCR ONNX,TUR/TUR_013.jpg,TUR-013,TUR,ok,retry_capture,4034,4042,,True,True,False,True,True,False,True,5,7,71.43,2,100.0,True,False,False,30,"EXCESSIVE_GLARE,MRZ_INVALID_FORMAT"
rapidocr,RapidOCR ONNX,TUR/TUR_014.jpg,TUR-014,TUR,ok,retry_capture,4679,4687,,True,False,True,True,True,False,True,5,7,71.43,2,100.0,True,False,False,29,MRZ_INVALID_FORMAT
rapidocr,RapidOCR ONNX,TUR/TUR_015.jpg,TUR-015,TUR,ok,retry_capture,3795,3803,,True,True,True,True,True,False,True,6,7,85.71,2,100.0,True,False,False,30,MRZ_INVALID_FORMAT
rapidocr,RapidOCR ONNX,TUR/TUR_016.jpg,TUR-016,TUR,ok,retry_capture,3634,3642,,True,False,True,True,True,False,True,5,7,71.43,2,100.0,True,False,False,29,"EXCESSIVE_GLARE,MRZ_INVALID_FORMAT"
rapidocr,RapidOCR ONNX,TUR/TUR_017.jpg,TUR-017,TUR,ok,retry_capture,3512,3520,,False,True,True,True,True,False,True,5,7,71.43,2,100.0,True,False,False,29,"EXCESSIVE_GLARE,MRZ_INVALID_FORMAT"
rapidocr,RapidOCR ONNX,TUR/TUR_018.jpg,TUR-018,TUR,ok,retry_capture,4546,4554,,True,True,False,True,True,False,True,5,7,71.43,2,100.0,True,False,False,29,"EXCESSIVE_GLARE,MRZ_INVALID_FORMAT"
rapidocr,RapidOCR ONNX,TUR/TUR_019.jpg,TUR-019,TUR,ok,retry_capture,4696,4704,,True,True,False,True,True,False,True,5,7,71.43,2,100.0,True,False,False,29,"EXCESSIVE_GLARE,MRZ_INVALID_FORMAT"
rapidocr,RapidOCR ONNX,TUR/TUR_020.jpg,TUR-020,TUR,ok,retry_capture,4875,4883,,True,False,True,True,True,False,True,5,7,71.43,2,100.0,True,False,False,29,"EXCESSIVE_GLARE,MRZ_INVALID_FORMAT"
rapidocr,RapidOCR ONNX,TUR/TUR_021.jpg,TUR-021,TUR,ok,retry_capture,3988,3996,,True,False,False,True,True,False,True,4,7,57.14,2,100.0,True,False,False,29,"EXCESSIVE_GLARE,MRZ_INVALID_FORMAT"
rapidocr,RapidOCR ONNX,TUR/TUR_022.jpg,TUR-022,TUR,ok,retry_capture,3780,3788,,False,True,True,True,True,False,True,5,7,71.43,2,100.0,True,False,False,30,"EXCESSIVE_GLARE,MRZ_INVALID_FORMAT"
rapidocr,RapidOCR ONNX,TUR/TUR_023.jpg,TUR-023,TUR,ok,retry_capture,4296,4304,,True,False,True,True,True,False,True,5,7,71.43,2,100.0,True,False,False,29,"EXCESSIVE_GLARE,MRZ_INVALID_FORMAT"
rapidocr,RapidOCR ONNX,TUR/TUR_024.jpg,TUR-024,TUR,ok,retry_capture,4312,4320,,True,False,False,True,True,False,True,4,7,57.14,0,0.0,False,False,False,30,MRZ_NOT_FOUND
rapidocr,RapidOCR ONNX,TUR/TUR_025.jpg,TUR-025,TUR,ok,retry_capture,3985,3993,,True,False,True,True,True,False,True,5,7,71.43,2,100.0,True,False,False,29,"EXCESSIVE_GLARE,MRZ_INVALID_FORMAT"
rapidocr,RapidOCR ONNX,TUR/TUR_026.jpg,TUR-026,TUR,ok,retry_capture,3765,3773,,True,True,True,True,True,False,True,6,7,85.71,2,100.0,True,False,False,29,MRZ_INVALID_FORMAT
rapidocr,RapidOCR ONNX,TUR/TUR_027.jpg,TUR-027,TUR,ok,retry_capture,3819,3827,,True,True,False,True,True,False,True,5,7,71.43,2,100.0,True,False,False,30,"EXCESSIVE_GLARE,MRZ_INVALID_FORMAT"
rapidocr,RapidOCR ONNX,TUR/TUR_028.jpg,TUR-028,TUR,ok,retry_capture,3847,3856,,True,False,True,True,True,False,True,5,7,71.43,2,100.0,True,False,False,29,"EXCESSIVE_GLARE,MRZ_INVALID_FORMAT"
rapidocr,RapidOCR ONNX,TUR/TUR_029.jpg,TUR-029,TUR,ok,retry_capture,3994,4003,,True,False,True,True,True,False,True,5,7,71.43,2,100.0,True,False,False,30,MRZ_INVALID_FORMAT
rapidocr,RapidOCR ONNX,TUR/TUR_030.jpg,TUR-030,TUR,ok,retry_capture,4505,4513,,True,False,True,True,True,False,True,5,7,71.43,1,50.0,True,False,False,30,MRZ_INVALID_FORMAT
rapidocr,RapidOCR ONNX,TUR/TUR_031.jpg,TUR-031,TUR,ok,retry_capture,4701,4709,,True,True,True,True,True,False,True,6,7,85.71,2,100.0,True,False,False,30,"EXCESSIVE_GLARE,MRZ_INVALID_FORMAT"
rapidocr,RapidOCR ONNX,TUR/TUR_032.jpg,TUR-032,TUR,ok,retry_capture,3863,3871,,True,True,True,True,True,False,True,6,7,85.71,2,100.0,True,False,False,30,"EXCESSIVE_GLARE,MRZ_INVALID_FORMAT"
rapidocr,RapidOCR ONNX,TUR/TUR_033.jpg,TUR-033,TUR,ok,retry_capture,3651,3659,,True,True,True,True,True,False,True,6,7,85.71,2,100.0,True,False,False,30,"EXCESSIVE_GLARE,MRZ_INVALID_FORMAT"
rapidocr,RapidOCR ONNX,TUR/TUR_034.jpg,TUR-034,TUR,ok,retry_capture,3834,3842,,True,True,True,True,True,False,True,6,7,85.71,2,100.0,True,False,False,29,MRZ_INVALID_FORMAT
rapidocr,RapidOCR ONNX,TUR/TUR_035.jpg,TUR-035,TUR,ok,retry_capture,4439,4447,,True,True,True,True,True,False,True,6,7,85.71,2,100.0,True,False,False,29,"EXCESSIVE_GLARE,MRZ_INVALID_FORMAT"
rapidocr,RapidOCR ONNX,TUR/TUR_036.jpg,TUR-036,TUR,ok,retry_capture,3818,3826,,True,False,True,True,True,False,True,5,7,71.43,2,100.0,True,False,False,29,MRZ_INVALID_FORMAT
rapidocr,RapidOCR ONNX,TUR/TUR_037.jpg,TUR-037,TUR,ok,retry_capture,3684,3692,,True,True,True,True,True,False,True,6,7,85.71,2,100.0,True,False,False,29,"EXCESSIVE_GLARE,MRZ_INVALID_FORMAT"
rapidocr,RapidOCR ONNX,TUR/TUR_038.jpg,TUR-038,TUR,ok,retry_capture,3688,3696,,True,False,True,True,True,False,True,5,7,71.43,2,100.0,True,False,False,30,MRZ_INVALID_FORMAT
rapidocr,RapidOCR ONNX,TUR/TUR_039.jpg,TUR-039,TUR,ok,retry_capture,3649,3657,,True,False,False,True,True,False,True,4,7,57.14,0,0.0,False,False,False,28,MRZ_NOT_FOUND
rapidocr,RapidOCR ONNX,TUR/TUR_040.jpg,TUR-040,TUR,ok,retry_capture,3739,3748,,True,False,False,True,True,False,True,4,7,57.14,0,0.0,False,False,False,29,"EXCESSIVE_GLARE,MRZ_NOT_FOUND"
rapidocr,RapidOCR ONNX,TUR/TUR_041.jpg,TUR-041,TUR,ok,retry_capture,4152,4160,,True,True,True,True,True,False,True,6,7,85.71,2,100.0,True,False,False,30,"EXCESSIVE_GLARE,MRZ_INVALID_FORMAT"
rapidocr,RapidOCR ONNX,TUR/TUR_042.jpg,TUR-042,TUR,ok,retry_capture,4107,4115,,True,True,True,True,False,False,True,5,7,71.43,2,100.0,True,False,False,30,MRZ_INVALID_FORMAT
rapidocr,RapidOCR ONNX,TUR/TUR_043.jpg,TUR-043,TUR,ok,retry_capture,4663,4671,,True,False,True,True,True,False,True,5,7,71.43,1,50.0,True,False,False,29,"EXCESSIVE_GLARE,MRZ_INVALID_FORMAT"
rapidocr,RapidOCR ONNX,TUR/TUR_044.jpg,TUR-044,TUR,ok,retry_capture,3813,3814,,True,True,True,True,True,False,True,6,7,85.71,2,100.0,True,False,False,29,"EXCESSIVE_GLARE,MRZ_INVALID_FORMAT"
rapidocr,RapidOCR ONNX,TUR/TUR_045.jpg,TUR-045,TUR,ok,retry_capture,3749,3757,,True,False,False,True,True,False,True,4,7,57.14,2,100.0,True,False,False,29,MRZ_INVALID_FORMAT
rapidocr,RapidOCR ONNX,TUR/TUR_046.jpg,TUR-046,TUR,ok,retry_capture,3919,3927,,True,True,True,True,True,False,True,6,7,85.71,2,100.0,True,False,False,29,"EXCESSIVE_GLARE,MRZ_INVALID_FORMAT"
rapidocr,RapidOCR ONNX,TUR/TUR_047.jpg,TUR-047,TUR,ok,retry_capture,4436,4444,,True,True,True,True,True,False,True,6,7,85.71,2,100.0,True,False,False,29,"EXCESSIVE_GLARE,MRZ_INVALID_FORMAT"
rapidocr,RapidOCR ONNX,TUR/TUR_048.jpg,TUR-048,TUR,ok,retry_capture,3520,3528,,True,False,True,True,True,False,True,5,7,71.43,2,100.0,True,False,False,29,MRZ_INVALID_FORMAT
rapidocr,RapidOCR ONNX,TUR/TUR_049.jpg,TUR-049,TUR,ok,retry_capture,4389,4391,,True,False,False,True,True,False,True,4,7,57.14,2,100.0,True,False,False,29,MRZ_INVALID_FORMAT
rapidocr,RapidOCR ONNX,TUR/TUR_050.jpg,TUR-050,TUR,ok,retry_capture,3790,3798,,True,True,True,True,True,False,True,6,7,85.71,1,50.0,True,False,False,29,"EXCESSIVE_GLARE,MRZ_INVALID_FORMAT"
rapidocr,RapidOCR ONNX,KAZ/KAZ_001.jpg,KAZ-001,KAZ,ok,retry_capture,3969,3977,,True,False,False,True,True,False,True,4,7,57.14,1,50.0,True,False,False,30,"EXCESSIVE_GLARE,MRZ_INVALID_FORMAT"
rapidocr,RapidOCR ONNX,KAZ/KAZ_002.jpg,KAZ-002,KAZ,ok,retry_capture,4124,4132,,False,False,False,True,True,False,True,3,7,42.86,2,100.0,True,False,False,30,"EXCESSIVE_GLARE,MRZ_INVALID_FORMAT"
rapidocr,RapidOCR ONNX,KAZ/KAZ_003.jpg,KAZ-003,KAZ,ok,retry_capture,3609,3617,,True,False,False,True,True,False,True,4,7,57.14,2,100.0,True,False,False,30,"EXCESSIVE_GLARE,MRZ_INVALID_FORMAT"
rapidocr,RapidOCR ONNX,KAZ/KAZ_004.jpg,KAZ-004,KAZ,ok,retry_capture,3938,3946,,True,False,False,True,True,False,True,4,7,57.14,2,100.0,True,False,False,30,MRZ_INVALID_FORMAT
rapidocr,RapidOCR ONNX,KAZ/KAZ_005.jpg,KAZ-005,KAZ,ok,retry_capture,3901,3909,,True,False,False,True,True,False,True,4,7,57.14,1,50.0,True,False,False,29,"EXCESSIVE_GLARE,MRZ_INVALID_FORMAT"
rapidocr,RapidOCR ONNX,KAZ/KAZ_006.jpg,KAZ-006,KAZ,ok,retry_capture,3568,3576,,True,False,False,True,True,False,True,4,7,57.14,2,100.0,True,False,False,29,MRZ_INVALID_FORMAT
rapidocr,RapidOCR ONNX,KAZ/KAZ_007.jpg,KAZ-007,KAZ,ok,retry_capture,3853,3861,,True,False,False,True,True,False,True,4,7,57.14,2,100.0,True,False,False,29,"EXCESSIVE_GLARE,MRZ_INVALID_FORMAT"
rapidocr,RapidOCR ONNX,KAZ/KAZ_008.jpg,KAZ-008,KAZ,ok,retry_capture,4094,4103,,True,False,False,True,True,False,False,3,7,42.86,2,100.0,True,False,False,30,"EXCESSIVE_GLARE,MRZ_INVALID_FORMAT"
rapidocr,RapidOCR ONNX,KAZ/KAZ_009.jpg,KAZ-009,KAZ,ok,retry_capture,3636,3644,,True,False,False,True,True,False,True,4,7,57.14,2,100.0,True,False,False,30,MRZ_INVALID_FORMAT
rapidocr,RapidOCR ONNX,KAZ/KAZ_010.jpg,KAZ-010,KAZ,ok,retry_capture,4068,4076,,True,False,False,True,True,False,True,4,7,57.14,2,100.0,True,False,False,30,MRZ_INVALID_FORMAT
rapidocr,RapidOCR ONNX,KAZ/KAZ_011.jpg,KAZ-011,KAZ,ok,retry_capture,3189,3190,,True,False,False,True,True,False,True,4,7,57.14,2,100.0,True,False,False,30,"EXCESSIVE_GLARE,MRZ_INVALID_FORMAT"
rapidocr,RapidOCR ONNX,KAZ/KAZ_012.jpg,KAZ-012,KAZ,ok,retry_capture,4007,4008,,True,False,False,True,True,False,True,4,7,57.14,2,100.0,True,False,False,29,"EXCESSIVE_GLARE,MRZ_INVALID_FORMAT"
rapidocr,RapidOCR ONNX,KAZ/KAZ_013.jpg,KAZ-013,KAZ,ok,retry_capture,3615,3623,,True,False,False,True,True,False,True,4,7,57.14,2,100.0,True,False,False,29,"EXCESSIVE_GLARE,MRZ_INVALID_FORMAT"
rapidocr,RapidOCR ONNX,KAZ/KAZ_014.jpg,KAZ-014,KAZ,ok,retry_capture,4108,4116,,True,False,False,True,True,False,True,4,7,57.14,0,0.0,False,False,False,29,MRZ_NOT_FOUND
rapidocr,RapidOCR ONNX,KAZ/KAZ_015.jpg,KAZ-015,KAZ,ok,retry_capture,3902,3903,,True,False,False,True,True,False,True,4,7,57.14,1,50.0,True,False,False,30,"EXCESSIVE_GLARE,MRZ_INVALID_FORMAT"
rapidocr,RapidOCR ONNX,KAZ/KAZ_016.jpg,KAZ-016,KAZ,ok,retry_capture,3819,3828,,True,False,False,True,True,False,True,4,7,57.14,2,100.0,True,False,False,28,"EXCESSIVE_GLARE,MRZ_INVALID_FORMAT"
rapidocr,RapidOCR ONNX,KAZ/KAZ_017.jpg,KAZ-017,KAZ,ok,retry_capture,3600,3609,,True,False,False,True,True,False,True,4,7,57.14,2,100.0,True,False,False,28,MRZ_INVALID_FORMAT
rapidocr,RapidOCR ONNX,KAZ/KAZ_018.jpg,KAZ-018,KAZ,ok,retry_capture,3867,3875,,True,False,False,True,True,False,True,4,7,57.14,2,100.0,True,False,False,30,MRZ_INVALID_FORMAT
rapidocr,RapidOCR ONNX,KAZ/KAZ_019.jpg,KAZ-019,KAZ,ok,retry_capture,4058,4065,,True,False,False,True,True,False,True,4,7,57.14,2,100.0,True,False,False,29,MRZ_INVALID_FORMAT
rapidocr,RapidOCR ONNX,KAZ/KAZ_020.jpg,KAZ-020,KAZ,ok,retry_capture,3832,3840,,True,False,False,True,True,False,True,4,7,57.14,2,100.0,True,False,False,30,"EXCESSIVE_GLARE,MRZ_INVALID_FORMAT"
rapidocr,RapidOCR ONNX,KAZ/KAZ_021.jpg,KAZ-021,KAZ,ok,retry_capture,3715,3723,,True,False,False,True,True,False,True,4,7,57.14,2,100.0,True,False,False,29,MRZ_INVALID_FORMAT
rapidocr,RapidOCR ONNX,KAZ/KAZ_022.jpg,KAZ-022,KAZ,ok,retry_capture,3695,3703,,True,False,False,True,True,False,True,4,7,57.14,2,100.0,True,False,False,29,"EXCESSIVE_GLARE,MRZ_INVALID_FORMAT"
rapidocr,RapidOCR ONNX,KAZ/KAZ_023.jpg,KAZ-023,KAZ,ok,retry_capture,3810,3818,,True,False,False,True,True,False,False,3,7,42.86,2,100.0,True,False,False,29,"EXCESSIVE_GLARE,MRZ_INVALID_FORMAT"
rapidocr,RapidOCR ONNX,KAZ/KAZ_024.jpg,KAZ-024,KAZ,ok,retry_capture,3781,3789,,True,False,False,True,True,False,True,4,7,57.14,1,50.0,True,False,False,29,MRZ_INVALID_FORMAT
rapidocr,RapidOCR ONNX,KAZ/KAZ_025.jpg,KAZ-025,KAZ,ok,retry_capture,3767,3776,,True,False,False,True,True,False,True,4,7,57.14,2,100.0,True,False,False,29,"EXCESSIVE_GLARE,MRZ_INVALID_FORMAT"
rapidocr,RapidOCR ONNX,KAZ/KAZ_026.jpg,KAZ-026,KAZ,ok,retry_capture,3603,3612,,True,False,False,True,True,False,True,4,7,57.14,2,100.0,True,False,False,29,"EXCESSIVE_GLARE,MRZ_INVALID_FORMAT"
rapidocr,RapidOCR ONNX,KAZ/KAZ_027.jpg,KAZ-027,KAZ,ok,retry_capture,3207,3215,,True,False,False,True,True,True,True,5,7,71.43,1,50.0,True,False,False,31,"EXCESSIVE_GLARE,MRZ_INVALID_FORMAT"
rapidocr,RapidOCR ONNX,KAZ/KAZ_028.jpg,KAZ-028,KAZ,ok,retry_capture,3787,3795,,True,False,False,True,True,False,True,4,7,57.14,2,100.0,True,False,False,30,"EXCESSIVE_GLARE,MRZ_INVALID_FORMAT"
rapidocr,RapidOCR ONNX,KAZ/KAZ_029.jpg,KAZ-029,KAZ,ok,retry_capture,3358,3366,,True,False,False,True,True,False,True,4,7,57.14,2,100.0,True,False,False,29,"EXCESSIVE_GLARE,MRZ_INVALID_FORMAT"
rapidocr,RapidOCR ONNX,KAZ/KAZ_030.jpg,KAZ-030,KAZ,ok,retry_capture,4003,4011,,True,False,False,True,True,False,True,4,7,57.14,1,50.0,True,False,False,30,"EXCESSIVE_GLARE,MRZ_INVALID_FORMAT"
rapidocr,RapidOCR ONNX,KAZ/KAZ_031.jpg,KAZ-031,KAZ,ok,retry_capture,4051,4059,,True,False,False,True,True,False,True,4,7,57.14,2,100.0,True,False,False,30,"EXCESSIVE_GLARE,MRZ_INVALID_FORMAT"
rapidocr,RapidOCR ONNX,KAZ/KAZ_032.jpg,KAZ-032,KAZ,ok,retry_capture,3652,3660,,True,False,False,True,True,False,True,4,7,57.14,2,100.0,True,False,False,29,"EXCESSIVE_GLARE,MRZ_INVALID_FORMAT"
rapidocr,RapidOCR ONNX,KAZ/KAZ_033.jpg,KAZ-033,KAZ,ok,retry_capture,4266,4274,,True,False,False,True,True,False,True,4,7,57.14,2,100.0,True,False,False,29,"EXCESSIVE_GLARE,MRZ_INVALID_FORMAT"
rapidocr,RapidOCR ONNX,KAZ/KAZ_034.jpg,KAZ-034,KAZ,ok,retry_capture,4198,4206,,True,False,False,True,True,False,True,4,7,57.14,2,100.0,True,False,False,30,MRZ_INVALID_FORMAT
rapidocr,RapidOCR ONNX,KAZ/KAZ_035.jpg,KAZ-035,KAZ,ok,retry_capture,4578,4586,,True,False,False,True,True,False,True,4,7,57.14,2,100.0,True,False,False,29,MRZ_INVALID_FORMAT
rapidocr,RapidOCR ONNX,KAZ/KAZ_036.jpg,KAZ-036,KAZ,ok,retry_capture,3924,3931,,True,False,False,True,True,False,True,4,7,57.14,2,100.0,True,False,False,29,"EXCESSIVE_GLARE,MRZ_INVALID_FORMAT"
rapidocr,RapidOCR ONNX,KAZ/KAZ_037.jpg,KAZ-037,KAZ,ok,retry_capture,3679,3687,,True,False,False,True,True,False,False,3,7,42.86,2,100.0,True,False,False,29,"EXCESSIVE_GLARE,MRZ_INVALID_FORMAT"
rapidocr,RapidOCR ONNX,KAZ/KAZ_038.jpg,KAZ-038,KAZ,ok,retry_capture,3973,3981,,True,False,False,True,True,False,True,4,7,57.14,2,100.0,True,False,False,30,"EXCESSIVE_GLARE,MRZ_INVALID_FORMAT"
rapidocr,RapidOCR ONNX,KAZ/KAZ_039.jpg,KAZ-039,KAZ,ok,retry_capture,3768,3776,,True,False,False,True,True,False,True,4,7,57.14,2,100.0,True,False,False,28,MRZ_INVALID_FORMAT
rapidocr,RapidOCR ONNX,KAZ/KAZ_040.jpg,KAZ-040,KAZ,ok,retry_capture,4320,4328,,True,False,False,True,True,False,True,4,7,57.14,2,100.0,True,False,False,30,"EXCESSIVE_GLARE,MRZ_INVALID_FORMAT"
rapidocr,RapidOCR ONNX,KAZ/KAZ_041.jpg,KAZ-041,KAZ,ok,retry_capture,3861,3869,,True,False,False,True,True,False,True,4,7,57.14,2,100.0,True,False,False,29,"EXCESSIVE_GLARE,MRZ_INVALID_FORMAT"
rapidocr,RapidOCR ONNX,KAZ/KAZ_042.jpg,KAZ-042,KAZ,ok,retry_capture,3859,3867,,True,False,False,True,True,False,True,4,7,57.14,2,100.0,True,False,False,28,MRZ_INVALID_FORMAT
rapidocr,RapidOCR ONNX,KAZ/KAZ_043.jpg,KAZ-043,KAZ,ok,retry_capture,3996,4004,,True,False,False,True,True,False,True,4,7,57.14,1,50.0,True,False,False,31,MRZ_INVALID_FORMAT
rapidocr,RapidOCR ONNX,KAZ/KAZ_044.jpg,KAZ-044,KAZ,ok,retry_capture,3764,3772,,True,False,False,True,True,False,True,4,7,57.14,2,100.0,True,False,False,30,MRZ_INVALID_FORMAT
rapidocr,RapidOCR ONNX,KAZ/KAZ_045.jpg,KAZ-045,KAZ,ok,retry_capture,3924,3925,,True,False,False,True,True,False,True,4,7,57.14,2,100.0,True,False,False,30,MRZ_INVALID_FORMAT
rapidocr,RapidOCR ONNX,KAZ/KAZ_046.jpg,KAZ-046,KAZ,ok,retry_capture,3812,3820,,True,False,False,True,True,False,True,4,7,57.14,2,100.0,True,False,False,29,"EXCESSIVE_GLARE,MRZ_INVALID_FORMAT"
rapidocr,RapidOCR ONNX,KAZ/KAZ_047.jpg,KAZ-047,KAZ,ok,retry_capture,4182,4183,,True,False,False,True,True,False,True,4,7,57.14,2,100.0,True,False,False,29,"EXCESSIVE_GLARE,MRZ_INVALID_FORMAT"
rapidocr,RapidOCR ONNX,KAZ/KAZ_048.jpg,KAZ-048,KAZ,ok,retry_capture,4254,4262,,True,False,False,True,True,False,True,4,7,57.14,2,100.0,True,False,False,29,MRZ_INVALID_FORMAT
rapidocr,RapidOCR ONNX,KAZ/KAZ_049.jpg,KAZ-049,KAZ,ok,retry_capture,3869,3877,,True,False,False,True,True,False,True,4,7,57.14,2,100.0,True,False,False,30,MRZ_INVALID_FORMAT
rapidocr,RapidOCR ONNX,KAZ/KAZ_050.jpg,KAZ-050,KAZ,ok,retry_capture,3696,3704,,True,False,False,True,True,False,True,4,7,57.14,2,100.0,True,False,False,29,"EXCESSIVE_GLARE,MRZ_INVALID_FORMAT"
rapidocr,RapidOCR ONNX,TJK/TJK_001.jpg,TJK-001,TJK,ok,retry_capture,4035,4043,,True,False,False,True,True,False,True,4,7,57.14,2,100.0,True,False,False,29,"EXCESSIVE_GLARE,MRZ_INVALID_FORMAT"
rapidocr,RapidOCR ONNX,TJK/TJK_002.jpg,TJK-002,TJK,ok,retry_capture,4127,4135,,True,False,False,True,True,False,True,4,7,57.14,2,100.0,True,False,False,30,"EXCESSIVE_GLARE,MRZ_INVALID_FORMAT"
rapidocr,RapidOCR ONNX,TJK/TJK_003.jpg,TJK-003,TJK,ok,retry_capture,3751,3759,,True,False,False,True,True,False,True,4,7,57.14,2,100.0,True,False,False,30,"EXCESSIVE_GLARE,MRZ_INVALID_FORMAT"
rapidocr,RapidOCR ONNX,TJK/TJK_004.jpg,TJK-004,TJK,ok,retry_capture,3984,3992,,True,False,False,True,True,False,True,4,7,57.14,2,100.0,True,False,False,30,MRZ_INVALID_FORMAT
rapidocr,RapidOCR ONNX,TJK/TJK_005.jpg,TJK-005,TJK,ok,retry_capture,3550,3559,,True,False,False,True,True,False,True,4,7,57.14,2,100.0,True,False,False,30,"EXCESSIVE_GLARE,MRZ_INVALID_FORMAT"
rapidocr,RapidOCR ONNX,TJK/TJK_006.jpg,TJK-006,TJK,ok,retry_capture,4095,4103,,True,False,False,True,True,False,True,4,7,57.14,2,100.0,True,False,False,30,"EXCESSIVE_GLARE,MRZ_INVALID_FORMAT"
rapidocr,RapidOCR ONNX,TJK/TJK_007.jpg,TJK-007,TJK,ok,retry_capture,3718,3726,,True,False,False,True,True,False,True,4,7,57.14,2,100.0,True,False,False,29,MRZ_INVALID_FORMAT
rapidocr,RapidOCR ONNX,TJK/TJK_008.jpg,TJK-008,TJK,ok,retry_capture,3810,3818,,True,False,False,True,True,False,True,4,7,57.14,2,100.0,True,False,False,30,"EXCESSIVE_GLARE,MRZ_INVALID_FORMAT"
rapidocr,RapidOCR ONNX,TJK/TJK_009.jpg,TJK-009,TJK,ok,retry_capture,4042,4050,,False,False,False,True,True,False,True,3,7,42.86,2,100.0,True,False,False,29,MRZ_INVALID_FORMAT
rapidocr,RapidOCR ONNX,TJK/TJK_010.jpg,TJK-010,TJK,ok,retry_capture,4319,4327,,True,False,False,True,True,False,True,4,7,57.14,2,100.0,True,False,False,29,"EXCESSIVE_GLARE,MRZ_INVALID_FORMAT"
rapidocr,RapidOCR ONNX,TJK/TJK_011.jpg,TJK-011,TJK,ok,retry_capture,3951,3959,,True,False,False,True,True,False,True,4,7,57.14,2,100.0,True,False,False,30,MRZ_INVALID_FORMAT
rapidocr,RapidOCR ONNX,TJK/TJK_012.jpg,TJK-012,TJK,ok,retry_capture,3746,3754,,True,False,False,True,True,False,False,3,7,42.86,2,100.0,True,False,False,30,"EXCESSIVE_GLARE,MRZ_INVALID_FORMAT"
rapidocr,RapidOCR ONNX,TJK/TJK_013.jpg,TJK-013,TJK,ok,retry_capture,3958,3966,,True,False,False,True,True,False,True,4,7,57.14,2,100.0,True,False,False,29,MRZ_INVALID_FORMAT
rapidocr,RapidOCR ONNX,TJK/TJK_014.jpg,TJK-014,TJK,ok,retry_capture,4525,4533,,False,False,False,True,True,False,True,3,7,42.86,2,100.0,True,False,False,30,MRZ_INVALID_FORMAT
rapidocr,RapidOCR ONNX,TJK/TJK_015.jpg,TJK-015,TJK,ok,retry_capture,4414,4422,,False,False,False,True,True,False,True,3,7,42.86,2,100.0,True,False,False,29,"EXCESSIVE_GLARE,MRZ_INVALID_FORMAT"
rapidocr,RapidOCR ONNX,TJK/TJK_016.jpg,TJK-016,TJK,ok,retry_capture,4354,4363,,False,False,False,True,True,False,True,3,7,42.86,2,100.0,True,False,False,30,"EXCESSIVE_GLARE,MRZ_INVALID_FORMAT"
rapidocr,RapidOCR ONNX,TJK/TJK_017.jpg,TJK-017,TJK,ok,retry_capture,4614,4622,,True,False,False,True,True,False,False,3,7,42.86,2,100.0,True,False,False,30,MRZ_INVALID_FORMAT
rapidocr,RapidOCR ONNX,TJK/TJK_018.jpg,TJK-018,TJK,ok,retry_capture,4159,4167,,True,False,False,True,True,False,True,4,7,57.14,2,100.0,True,False,False,29,"EXCESSIVE_GLARE,MRZ_INVALID_FORMAT"
rapidocr,RapidOCR ONNX,TJK/TJK_019.jpg,TJK-019,TJK,ok,retry_capture,4015,4023,,True,False,False,True,True,False,True,4,7,57.14,2,100.0,True,False,False,30,MRZ_INVALID_FORMAT
rapidocr,RapidOCR ONNX,TJK/TJK_020.jpg,TJK-020,TJK,ok,retry_capture,4565,4574,,True,False,False,True,True,False,True,4,7,57.14,2,100.0,True,False,False,29,"EXCESSIVE_GLARE,MRZ_INVALID_FORMAT"
rapidocr,RapidOCR ONNX,TJK/TJK_021.jpg,TJK-021,TJK,ok,retry_capture,3697,3705,,True,False,False,True,True,False,True,4,7,57.14,2,100.0,True,False,False,29,MRZ_INVALID_FORMAT
rapidocr,RapidOCR ONNX,TJK/TJK_022.jpg,TJK-022,TJK,ok,retry_capture,3600,3608,,False,False,False,True,False,False,True,2,7,28.57,2,100.0,True,False,False,29,"EXCESSIVE_GLARE,MRZ_INVALID_FORMAT"
rapidocr,RapidOCR ONNX,TJK/TJK_023.jpg,TJK-023,TJK,ok,retry_capture,3762,3770,,True,False,False,True,True,False,True,4,7,57.14,1,50.0,True,False,False,29,"EXCESSIVE_GLARE,MRZ_INVALID_FORMAT"
rapidocr,RapidOCR ONNX,TJK/TJK_024.jpg,TJK-024,TJK,ok,retry_capture,3222,3230,,True,False,False,True,True,False,True,4,7,57.14,2,100.0,True,False,False,29,MRZ_INVALID_FORMAT
rapidocr,RapidOCR ONNX,TJK/TJK_025.jpg,TJK-025,TJK,ok,retry_capture,3389,3397,,True,False,False,True,True,False,True,4,7,57.14,1,50.0,True,False,False,30,"EXCESSIVE_GLARE,MRZ_INVALID_FORMAT"
rapidocr,RapidOCR ONNX,TJK/TJK_026.jpg,TJK-026,TJK,ok,retry_capture,3924,3932,,True,False,False,True,True,False,True,4,7,57.14,1,50.0,True,False,False,30,"EXCESSIVE_GLARE,MRZ_INVALID_FORMAT"
rapidocr,RapidOCR ONNX,TJK/TJK_027.jpg,TJK-027,TJK,ok,retry_capture,3988,3990,,True,False,False,True,True,False,True,4,7,57.14,1,50.0,True,False,False,30,"EXCESSIVE_GLARE,MRZ_INVALID_FORMAT"
rapidocr,RapidOCR ONNX,TJK/TJK_028.jpg,TJK-028,TJK,ok,retry_capture,4238,4246,,True,False,False,True,True,False,True,4,7,57.14,2,100.0,True,False,False,30,"EXCESSIVE_GLARE,MRZ_INVALID_FORMAT"
rapidocr,RapidOCR ONNX,TJK/TJK_029.jpg,TJK-029,TJK,ok,retry_capture,3780,3788,,True,False,False,True,True,False,True,4,7,57.14,1,50.0,True,False,False,30,MRZ_INVALID_FORMAT
rapidocr,RapidOCR ONNX,TJK/TJK_030.jpg,TJK-030,TJK,ok,retry_capture,3900,3908,,True,False,False,True,True,False,True,4,7,57.14,2,100.0,True,False,False,30,MRZ_INVALID_FORMAT
rapidocr,RapidOCR ONNX,TJK/TJK_031.jpg,TJK-031,TJK,ok,retry_capture,3559,3568,,True,False,False,True,True,False,True,4,7,57.14,2,100.0,True,False,False,29,MRZ_INVALID_FORMAT
rapidocr,RapidOCR ONNX,TJK/TJK_032.jpg,TJK-032,TJK,ok,retry_capture,3841,3842,,True,False,False,True,False,False,True,3,7,42.86,2,100.0,True,False,False,30,MRZ_INVALID_FORMAT
rapidocr,RapidOCR ONNX,TJK/TJK_033.jpg,TJK-033,TJK,ok,retry_capture,3858,3866,,True,False,False,True,True,False,True,4,7,57.14,2,100.0,True,False,False,29,"EXCESSIVE_GLARE,MRZ_INVALID_FORMAT"
rapidocr,RapidOCR ONNX,TJK/TJK_034.jpg,TJK-034,TJK,ok,retry_capture,3978,3986,,True,False,False,True,True,False,True,4,7,57.14,2,100.0,True,False,False,30,MRZ_INVALID_FORMAT
rapidocr,RapidOCR ONNX,TJK/TJK_035.jpg,TJK-035,TJK,ok,retry_capture,3186,3194,,True,False,False,True,True,False,True,4,7,57.14,2,100.0,True,False,False,29,"EXCESSIVE_GLARE,MRZ_INVALID_FORMAT"
rapidocr,RapidOCR ONNX,TJK/TJK_036.jpg,TJK-036,TJK,ok,retry_capture,4101,4109,,True,False,False,True,True,False,True,4,7,57.14,2,100.0,True,False,False,29,"EXCESSIVE_GLARE,MRZ_INVALID_FORMAT"
rapidocr,RapidOCR ONNX,TJK/TJK_037.jpg,TJK-037,TJK,ok,retry_capture,3953,3961,,True,False,False,True,True,False,False,3,7,42.86,2,100.0,True,False,False,30,"EXCESSIVE_GLARE,MRZ_INVALID_FORMAT"
rapidocr,RapidOCR ONNX,TJK/TJK_038.jpg,TJK-038,TJK,ok,retry_capture,3260,3261,,True,False,False,True,True,False,True,4,7,57.14,2,100.0,True,False,False,29,"EXCESSIVE_GLARE,MRZ_INVALID_FORMAT"
rapidocr,RapidOCR ONNX,TJK/TJK_039.jpg,TJK-039,TJK,ok,retry_capture,4296,4304,,False,False,False,True,True,False,True,3,7,42.86,2,100.0,True,False,False,29,MRZ_INVALID_FORMAT
rapidocr,RapidOCR ONNX,TJK/TJK_040.jpg,TJK-040,TJK,ok,retry_capture,3998,4006,,True,False,False,True,True,False,True,4,7,57.14,2,100.0,True,False,False,30,"EXCESSIVE_GLARE,MRZ_INVALID_FORMAT"
rapidocr,RapidOCR ONNX,TJK/TJK_041.jpg,TJK-041,TJK,ok,retry_capture,3958,3967,,False,False,False,True,True,False,True,3,7,42.86,1,50.0,True,False,False,30,MRZ_INVALID_FORMAT
rapidocr,RapidOCR ONNX,TJK/TJK_042.jpg,TJK-042,TJK,ok,retry_capture,4083,4091,,True,False,False,True,True,False,True,4,7,57.14,2,100.0,True,False,False,29,"EXCESSIVE_GLARE,MRZ_INVALID_FORMAT"
rapidocr,RapidOCR ONNX,TJK/TJK_043.jpg,TJK-043,TJK,ok,retry_capture,3576,3585,,False,False,False,True,True,False,True,3,7,42.86,1,50.0,True,False,False,29,"EXCESSIVE_GLARE,MRZ_INVALID_FORMAT"
rapidocr,RapidOCR ONNX,TJK/TJK_044.jpg,TJK-044,TJK,ok,retry_capture,4263,4271,,True,False,False,True,True,False,True,4,7,57.14,2,100.0,True,False,False,29,MRZ_INVALID_FORMAT
rapidocr,RapidOCR ONNX,TJK/TJK_045.jpg,TJK-045,TJK,ok,retry_capture,4145,4153,,True,False,False,True,True,False,True,4,7,57.14,2,100.0,True,False,False,30,"EXCESSIVE_GLARE,MRZ_INVALID_FORMAT"
rapidocr,RapidOCR ONNX,TJK/TJK_046.jpg,TJK-046,TJK,ok,retry_capture,3610,3618,,True,False,False,True,True,False,True,4,7,57.14,2,100.0,True,False,False,30,"EXCESSIVE_GLARE,MRZ_INVALID_FORMAT"
rapidocr,RapidOCR ONNX,TJK/TJK_047.jpg,TJK-047,TJK,ok,retry_capture,4255,4262,,True,False,False,True,True,False,True,4,7,57.14,2,100.0,True,False,False,29,MRZ_INVALID_FORMAT
rapidocr,RapidOCR ONNX,TJK/TJK_048.jpg,TJK-048,TJK,ok,retry_capture,3179,3188,,True,False,False,True,True,False,True,4,7,57.14,2,100.0,True,False,False,29,"EXCESSIVE_GLARE,MRZ_INVALID_FORMAT"
rapidocr,RapidOCR ONNX,TJK/TJK_049.jpg,TJK-049,TJK,ok,retry_capture,3163,3171,,True,False,False,True,True,False,True,4,7,57.14,2,100.0,True,False,False,29,"EXCESSIVE_GLARE,MRZ_INVALID_FORMAT"
rapidocr,RapidOCR ONNX,TJK/TJK_050.jpg,TJK-050,TJK,ok,retry_capture,4002,4011,,True,False,False,True,True,False,True,4,7,57.14,2,100.0,True,False,False,29,"EXCESSIVE_GLARE,MRZ_INVALID_FORMAT"
replit,Replit OCR endpoint,CHN/CHN_001.jpg,CHN-001,CHN,error,error,0,41,"RuntimeError: Replit OCR выбран, но REPLIT_OCR_URL не задан. Укажите URL OCR-эндпоинта или выберите Marker/DeepSeek/RapidOCR.",False,False,False,False,False,False,False,0,7,0.0,0,0.0,False,False,False,0,
replit,Replit OCR endpoint,CHN/CHN_002.jpg,CHN-002,CHN,error,error,0,20,"RuntimeError: Replit OCR выбран, но REPLIT_OCR_URL не задан. Укажите URL OCR-эндпоинта или выберите Marker/DeepSeek/RapidOCR.",False,False,False,False,False,False,False,0,7,0.0,0,0.0,False,False,False,0,
replit,Replit OCR endpoint,CHN/CHN_003.jpg,CHN-003,CHN,error,error,0,21,"RuntimeError: Replit OCR выбран, но REPLIT_OCR_URL не задан. Укажите URL OCR-эндпоинта или выберите Marker/DeepSeek/RapidOCR.",False,False,False,False,False,False,False,0,7,0.0,0,0.0,False,False,False,0,
replit,Replit OCR endpoint,CHN/CHN_004.jpg,CHN-004,CHN,error,error,0,21,"RuntimeError: Replit OCR выбран, но REPLIT_OCR_URL не задан. Укажите URL OCR-эндпоинта или выберите Marker/DeepSeek/RapidOCR.",False,False,False,False,False,False,False,0,7,0.0,0,0.0,False,False,False,0,
replit,Replit OCR endpoint,CHN/CHN_005.jpg,CHN-005,CHN,error,error,0,20,"RuntimeError: Replit OCR выбран, но REPLIT_OCR_URL не задан. Укажите URL OCR-эндпоинта или выберите Marker/DeepSeek/RapidOCR.",False,False,False,False,False,False,False,0,7,0.0,0,0.0,False,False,False,0,
replit,Replit OCR endpoint,CHN/CHN_006.jpg,CHN-006,CHN,error,error,0,19,"RuntimeError: Replit OCR выбран, но REPLIT_OCR_URL не задан. Укажите URL OCR-эндпоинта или выберите Marker/DeepSeek/RapidOCR.",False,False,False,False,False,False,False,0,7,0.0,0,0.0,False,False,False,0,
replit,Replit OCR endpoint,CHN/CHN_007.jpg,CHN-007,CHN,error,error,0,19,"RuntimeError: Replit OCR выбран, но REPLIT_OCR_URL не задан. Укажите URL OCR-эндпоинта или выберите Marker/DeepSeek/RapidOCR.",False,False,False,False,False,False,False,0,7,0.0,0,0.0,False,False,False,0,
replit,Replit OCR endpoint,CHN/CHN_008.jpg,CHN-008,CHN,error,error,0,19,"RuntimeError: Replit OCR выбран, но REPLIT_OCR_URL не задан. Укажите URL OCR-эндпоинта или выберите Marker/DeepSeek/RapidOCR.",False,False,False,False,False,False,False,0,7,0.0,0,0.0,False,False,False,0,
replit,Replit OCR endpoint,CHN/CHN_009.jpg,CHN-009,CHN,error,error,0,19,"RuntimeError: Replit OCR выбран, но REPLIT_OCR_URL не задан. Укажите URL OCR-эндпоинта или выберите Marker/DeepSeek/RapidOCR.",False,False,False,False,False,False,False,0,7,0.0,0,0.0,False,False,False,0,
replit,Replit OCR endpoint,CHN/CHN_010.jpg,CHN-010,CHN,error,error,0,19,"RuntimeError: Replit OCR выбран, но REPLIT_OCR_URL не задан. Укажите URL OCR-эндпоинта или выберите Marker/DeepSeek/RapidOCR.",False,False,False,False,False,False,False,0,7,0.0,0,0.0,False,False,False,0,
replit,Replit OCR endpoint,CHN/CHN_011.jpg,CHN-011,CHN,error,error,0,20,"RuntimeError: Replit OCR выбран, но REPLIT_OCR_URL не задан. Укажите URL OCR-эндпоинта или выберите Marker/DeepSeek/RapidOCR.",False,False,False,False,False,False,False,0,7,0.0,0,0.0,False,False,False,0,
replit,Replit OCR endpoint,CHN/CHN_012.jpg,CHN-012,CHN,error,error,0,19,"RuntimeError: Replit OCR выбран, но REPLIT_OCR_URL не задан. Укажите URL OCR-эндпоинта или выберите Marker/DeepSeek/RapidOCR.",False,False,False,False,False,False,False,0,7,0.0,0,0.0,False,False,False,0,
replit,Replit OCR endpoint,CHN/CHN_013.jpg,CHN-013,CHN,error,error,0,19,"RuntimeError: Replit OCR выбран, но REPLIT_OCR_URL не задан. Укажите URL OCR-эндпоинта или выберите Marker/DeepSeek/RapidOCR.",False,False,False,False,False,False,False,0,7,0.0,0,0.0,False,False,False,0,
replit,Replit OCR endpoint,CHN/CHN_014.jpg,CHN-014,CHN,error,error,0,20,"RuntimeError: Replit OCR выбран, но REPLIT_OCR_URL не задан. Укажите URL OCR-эндпоинта или выберите Marker/DeepSeek/RapidOCR.",False,False,False,False,False,False,False,0,7,0.0,0,0.0,False,False,False,0,
replit,Replit OCR endpoint,CHN/CHN_015.jpg,CHN-015,CHN,error,error,0,19,"RuntimeError: Replit OCR выбран, но REPLIT_OCR_URL не задан. Укажите URL OCR-эндпоинта или выберите Marker/DeepSeek/RapidOCR.",False,False,False,False,False,False,False,0,7,0.0,0,0.0,False,False,False,0,
replit,Replit OCR endpoint,CHN/CHN_016.jpg,CHN-016,CHN,error,error,0,20,"RuntimeError: Replit OCR выбран, но REPLIT_OCR_URL не задан. Укажите URL OCR-эндпоинта или выберите Marker/DeepSeek/RapidOCR.",False,False,False,False,False,False,False,0,7,0.0,0,0.0,False,False,False,0,
replit,Replit OCR endpoint,CHN/CHN_017.jpg,CHN-017,CHN,error,error,0,19,"RuntimeError: Replit OCR выбран, но REPLIT_OCR_URL не задан. Укажите URL OCR-эндпоинта или выберите Marker/DeepSeek/RapidOCR.",False,False,False,False,False,False,False,0,7,0.0,0,0.0,False,False,False,0,
replit,Replit OCR endpoint,CHN/CHN_018.jpg,CHN-018,CHN,error,error,0,20,"RuntimeError: Replit OCR выбран, но REPLIT_OCR_URL не задан. Укажите URL OCR-эндпоинта или выберите Marker/DeepSeek/RapidOCR.",False,False,False,False,False,False,False,0,7,0.0,0,0.0,False,False,False,0,
replit,Replit OCR endpoint,CHN/CHN_019.jpg,CHN-019,CHN,error,error,0,19,"RuntimeError: Replit OCR выбран, но REPLIT_OCR_URL не задан. Укажите URL OCR-эндпоинта или выберите Marker/DeepSeek/RapidOCR.",False,False,False,False,False,False,False,0,7,0.0,0,0.0,False,False,False,0,
replit,Replit OCR endpoint,CHN/CHN_020.jpg,CHN-020,CHN,error,error,0,20,"RuntimeError: Replit OCR выбран, но REPLIT_OCR_URL не задан. Укажите URL OCR-эндпоинта или выберите Marker/DeepSeek/RapidOCR.",False,False,False,False,False,False,False,0,7,0.0,0,0.0,False,False,False,0,
replit,Replit OCR endpoint,CHN/CHN_021.jpg,CHN-021,CHN,error,error,0,20,"RuntimeError: Replit OCR выбран, но REPLIT_OCR_URL не задан. Укажите URL OCR-эндпоинта или выберите Marker/DeepSeek/RapidOCR.",False,False,False,False,False,False,False,0,7,0.0,0,0.0,False,False,False,0,
replit,Replit OCR endpoint,CHN/CHN_022.jpg,CHN-022,CHN,error,error,0,20,"RuntimeError: Replit OCR выбран, но REPLIT_OCR_URL не задан. Укажите URL OCR-эндпоинта или выберите Marker/DeepSeek/RapidOCR.",False,False,False,False,False,False,False,0,7,0.0,0,0.0,False,False,False,0,
replit,Replit OCR endpoint,CHN/CHN_023.jpg,CHN-023,CHN,error,error,0,19,"RuntimeError: Replit OCR выбран, но REPLIT_OCR_URL не задан. Укажите URL OCR-эндпоинта или выберите Marker/DeepSeek/RapidOCR.",False,False,False,False,False,False,False,0,7,0.0,0,0.0,False,False,False,0,
replit,Replit OCR endpoint,CHN/CHN_024.jpg,CHN-024,CHN,error,error,0,20,"RuntimeError: Replit OCR выбран, но REPLIT_OCR_URL не задан. Укажите URL OCR-эндпоинта или выберите Marker/DeepSeek/RapidOCR.",False,False,False,False,False,False,False,0,7,0.0,0,0.0,False,False,False,0,
replit,Replit OCR endpoint,CHN/CHN_025.jpg,CHN-025,CHN,error,error,0,19,"RuntimeError: Replit OCR выбран, но REPLIT_OCR_URL не задан. Укажите URL OCR-эндпоинта или выберите Marker/DeepSeek/RapidOCR.",False,False,False,False,False,False,False,0,7,0.0,0,0.0,False,False,False,0,
replit,Replit OCR endpoint,CHN/CHN_026.jpg,CHN-026,CHN,error,error,0,20,"RuntimeError: Replit OCR выбран, но REPLIT_OCR_URL не задан. Укажите URL OCR-эндпоинта или выберите Marker/DeepSeek/RapidOCR.",False,False,False,False,False,False,False,0,7,0.0,0,0.0,False,False,False,0,
replit,Replit OCR endpoint,CHN/CHN_027.jpg,CHN-027,CHN,error,error,0,19,"RuntimeError: Replit OCR выбран, но REPLIT_OCR_URL не задан. Укажите URL OCR-эндпоинта или выберите Marker/DeepSeek/RapidOCR.",False,False,False,False,False,False,False,0,7,0.0,0,0.0,False,False,False,0,
replit,Replit OCR endpoint,CHN/CHN_028.jpg,CHN-028,CHN,error,error,0,20,"RuntimeError: Replit OCR выбран, но REPLIT_OCR_URL не задан. Укажите URL OCR-эндпоинта или выберите Marker/DeepSeek/RapidOCR.",False,False,False,False,False,False,False,0,7,0.0,0,0.0,False,False,False,0,
replit,Replit OCR endpoint,CHN/CHN_029.jpg,CHN-029,CHN,error,error,0,20,"RuntimeError: Replit OCR выбран, но REPLIT_OCR_URL не задан. Укажите URL OCR-эндпоинта или выберите Marker/DeepSeek/RapidOCR.",False,False,False,False,False,False,False,0,7,0.0,0,0.0,False,False,False,0,
replit,Replit OCR endpoint,CHN/CHN_030.jpg,CHN-030,CHN,error,error,0,20,"RuntimeError: Replit OCR выбран, но REPLIT_OCR_URL не задан. Укажите URL OCR-эндпоинта или выберите Marker/DeepSeek/RapidOCR.",False,False,False,False,False,False,False,0,7,0.0,0,0.0,False,False,False,0,
replit,Replit OCR endpoint,CHN/CHN_031.jpg,CHN-031,CHN,error,error,0,18,"RuntimeError: Replit OCR выбран, но REPLIT_OCR_URL не задан. Укажите URL OCR-эндпоинта или выберите Marker/DeepSeek/RapidOCR.",False,False,False,False,False,False,False,0,7,0.0,0,0.0,False,False,False,0,
replit,Replit OCR endpoint,CHN/CHN_032.jpg,CHN-032,CHN,error,error,0,19,"RuntimeError: Replit OCR выбран, но REPLIT_OCR_URL не задан. Укажите URL OCR-эндпоинта или выберите Marker/DeepSeek/RapidOCR.",False,False,False,False,False,False,False,0,7,0.0,0,0.0,False,False,False,0,
replit,Replit OCR endpoint,CHN/CHN_033.jpg,CHN-033,CHN,error,error,0,20,"RuntimeError: Replit OCR выбран, но REPLIT_OCR_URL не задан. Укажите URL OCR-эндпоинта или выберите Marker/DeepSeek/RapidOCR.",False,False,False,False,False,False,False,0,7,0.0,0,0.0,False,False,False,0,
replit,Replit OCR endpoint,CHN/CHN_034.jpg,CHN-034,CHN,error,error,0,19,"RuntimeError: Replit OCR выбран, но REPLIT_OCR_URL не задан. Укажите URL OCR-эндпоинта или выберите Marker/DeepSeek/RapidOCR.",False,False,False,False,False,False,False,0,7,0.0,0,0.0,False,False,False,0,
replit,Replit OCR endpoint,CHN/CHN_035.jpg,CHN-035,CHN,error,error,0,19,"RuntimeError: Replit OCR выбран, но REPLIT_OCR_URL не задан. Укажите URL OCR-эндпоинта или выберите Marker/DeepSeek/RapidOCR.",False,False,False,False,False,False,False,0,7,0.0,0,0.0,False,False,False,0,
replit,Replit OCR endpoint,CHN/CHN_036.jpg,CHN-036,CHN,error,error,0,20,"RuntimeError: Replit OCR выбран, но REPLIT_OCR_URL не задан. Укажите URL OCR-эндпоинта или выберите Marker/DeepSeek/RapidOCR.",False,False,False,False,False,False,False,0,7,0.0,0,0.0,False,False,False,0,
replit,Replit OCR endpoint,CHN/CHN_037.jpg,CHN-037,CHN,error,error,0,19,"RuntimeError: Replit OCR выбран, но REPLIT_OCR_URL не задан. Укажите URL OCR-эндпоинта или выберите Marker/DeepSeek/RapidOCR.",False,False,False,False,False,False,False,0,7,0.0,0,0.0,False,False,False,0,
replit,Replit OCR endpoint,CHN/CHN_038.jpg,CHN-038,CHN,error,error,0,20,"RuntimeError: Replit OCR выбран, но REPLIT_OCR_URL не задан. Укажите URL OCR-эндпоинта или выберите Marker/DeepSeek/RapidOCR.",False,False,False,False,False,False,False,0,7,0.0,0,0.0,False,False,False,0,
replit,Replit OCR endpoint,CHN/CHN_039.jpg,CHN-039,CHN,error,error,0,20,"RuntimeError: Replit OCR выбран, но REPLIT_OCR_URL не задан. Укажите URL OCR-эндпоинта или выберите Marker/DeepSeek/RapidOCR.",False,False,False,False,False,False,False,0,7,0.0,0,0.0,False,False,False,0,
replit,Replit OCR endpoint,CHN/CHN_040.jpg,CHN-040,CHN,error,error,0,20,"RuntimeError: Replit OCR выбран, но REPLIT_OCR_URL не задан. Укажите URL OCR-эндпоинта или выберите Marker/DeepSeek/RapidOCR.",False,False,False,False,False,False,False,0,7,0.0,0,0.0,False,False,False,0,
replit,Replit OCR endpoint,CHN/CHN_041.jpg,CHN-041,CHN,error,error,0,19,"RuntimeError: Replit OCR выбран, но REPLIT_OCR_URL не задан. Укажите URL OCR-эндпоинта или выберите Marker/DeepSeek/RapidOCR.",False,False,False,False,False,False,False,0,7,0.0,0,0.0,False,False,False,0,
replit,Replit OCR endpoint,CHN/CHN_042.jpg,CHN-042,CHN,error,error,0,19,"RuntimeError: Replit OCR выбран, но REPLIT_OCR_URL не задан. Укажите URL OCR-эндпоинта или выберите Marker/DeepSeek/RapidOCR.",False,False,False,False,False,False,False,0,7,0.0,0,0.0,False,False,False,0,
replit,Replit OCR endpoint,CHN/CHN_043.jpg,CHN-043,CHN,error,error,0,20,"RuntimeError: Replit OCR выбран, но REPLIT_OCR_URL не задан. Укажите URL OCR-эндпоинта или выберите Marker/DeepSeek/RapidOCR.",False,False,False,False,False,False,False,0,7,0.0,0,0.0,False,False,False,0,
replit,Replit OCR endpoint,CHN/CHN_044.jpg,CHN-044,CHN,error,error,0,20,"RuntimeError: Replit OCR выбран, но REPLIT_OCR_URL не задан. Укажите URL OCR-эндпоинта или выберите Marker/DeepSeek/RapidOCR.",False,False,False,False,False,False,False,0,7,0.0,0,0.0,False,False,False,0,
replit,Replit OCR endpoint,CHN/CHN_045.jpg,CHN-045,CHN,error,error,0,19,"RuntimeError: Replit OCR выбран, но REPLIT_OCR_URL не задан. Укажите URL OCR-эндпоинта или выберите Marker/DeepSeek/RapidOCR.",False,False,False,False,False,False,False,0,7,0.0,0,0.0,False,False,False,0,
replit,Replit OCR endpoint,CHN/CHN_046.jpg,CHN-046,CHN,error,error,0,20,"RuntimeError: Replit OCR выбран, но REPLIT_OCR_URL не задан. Укажите URL OCR-эндпоинта или выберите Marker/DeepSeek/RapidOCR.",False,False,False,False,False,False,False,0,7,0.0,0,0.0,False,False,False,0,
replit,Replit OCR endpoint,CHN/CHN_047.jpg,CHN-047,CHN,error,error,0,19,"RuntimeError: Replit OCR выбран, но REPLIT_OCR_URL не задан. Укажите URL OCR-эндпоинта или выберите Marker/DeepSeek/RapidOCR.",False,False,False,False,False,False,False,0,7,0.0,0,0.0,False,False,False,0,
replit,Replit OCR endpoint,CHN/CHN_048.jpg,CHN-048,CHN,error,error,0,20,"RuntimeError: Replit OCR выбран, но REPLIT_OCR_URL не задан. Укажите URL OCR-эндпоинта или выберите Marker/DeepSeek/RapidOCR.",False,False,False,False,False,False,False,0,7,0.0,0,0.0,False,False,False,0,
replit,Replit OCR endpoint,CHN/CHN_049.jpg,CHN-049,CHN,error,error,0,19,"RuntimeError: Replit OCR выбран, но REPLIT_OCR_URL не задан. Укажите URL OCR-эндпоинта или выберите Marker/DeepSeek/RapidOCR.",False,False,False,False,False,False,False,0,7,0.0,0,0.0,False,False,False,0,
replit,Replit OCR endpoint,CHN/CHN_050.jpg,CHN-050,CHN,error,error,0,19,"RuntimeError: Replit OCR выбран, но REPLIT_OCR_URL не задан. Укажите URL OCR-эндпоинта или выберите Marker/DeepSeek/RapidOCR.",False,False,False,False,False,False,False,0,7,0.0,0,0.0,False,False,False,0,
replit,Replit OCR endpoint,UZB/UZB_001.jpg,UZB-001,UZB,error,error,0,20,"RuntimeError: Replit OCR выбран, но REPLIT_OCR_URL не задан. Укажите URL OCR-эндпоинта или выберите Marker/DeepSeek/RapidOCR.",False,False,False,False,False,False,False,0,7,0.0,0,0.0,False,False,False,0,
replit,Replit OCR endpoint,UZB/UZB_002.jpg,UZB-002,UZB,error,error,0,20,"RuntimeError: Replit OCR выбран, но REPLIT_OCR_URL не задан. Укажите URL OCR-эндпоинта или выберите Marker/DeepSeek/RapidOCR.",False,False,False,False,False,False,False,0,7,0.0,0,0.0,False,False,False,0,
replit,Replit OCR endpoint,UZB/UZB_003.jpg,UZB-003,UZB,error,error,0,19,"RuntimeError: Replit OCR выбран, но REPLIT_OCR_URL не задан. Укажите URL OCR-эндпоинта или выберите Marker/DeepSeek/RapidOCR.",False,False,False,False,False,False,False,0,7,0.0,0,0.0,False,False,False,0,
replit,Replit OCR endpoint,UZB/UZB_004.jpg,UZB-004,UZB,error,error,0,19,"RuntimeError: Replit OCR выбран, но REPLIT_OCR_URL не задан. Укажите URL OCR-эндпоинта или выберите Marker/DeepSeek/RapidOCR.",False,False,False,False,False,False,False,0,7,0.0,0,0.0,False,False,False,0,
replit,Replit OCR endpoint,UZB/UZB_005.jpg,UZB-005,UZB,error,error,0,20,"RuntimeError: Replit OCR выбран, но REPLIT_OCR_URL не задан. Укажите URL OCR-эндпоинта или выберите Marker/DeepSeek/RapidOCR.",False,False,False,False,False,False,False,0,7,0.0,0,0.0,False,False,False,0,
replit,Replit OCR endpoint,UZB/UZB_006.jpg,UZB-006,UZB,error,error,0,20,"RuntimeError: Replit OCR выбран, но REPLIT_OCR_URL не задан. Укажите URL OCR-эндпоинта или выберите Marker/DeepSeek/RapidOCR.",False,False,False,False,False,False,False,0,7,0.0,0,0.0,False,False,False,0,
replit,Replit OCR endpoint,UZB/UZB_007.jpg,UZB-007,UZB,error,error,0,19,"RuntimeError: Replit OCR выбран, но REPLIT_OCR_URL не задан. Укажите URL OCR-эндпоинта или выберите Marker/DeepSeek/RapidOCR.",False,False,False,False,False,False,False,0,7,0.0,0,0.0,False,False,False,0,
replit,Replit OCR endpoint,UZB/UZB_008.jpg,UZB-008,UZB,error,error,0,20,"RuntimeError: Replit OCR выбран, но REPLIT_OCR_URL не задан. Укажите URL OCR-эндпоинта или выберите Marker/DeepSeek/RapidOCR.",False,False,False,False,False,False,False,0,7,0.0,0,0.0,False,False,False,0,
replit,Replit OCR endpoint,UZB/UZB_009.jpg,UZB-009,UZB,error,error,0,19,"RuntimeError: Replit OCR выбран, но REPLIT_OCR_URL не задан. Укажите URL OCR-эндпоинта или выберите Marker/DeepSeek/RapidOCR.",False,False,False,False,False,False,False,0,7,0.0,0,0.0,False,False,False,0,
replit,Replit OCR endpoint,UZB/UZB_010.jpg,UZB-010,UZB,error,error,0,20,"RuntimeError: Replit OCR выбран, но REPLIT_OCR_URL не задан. Укажите URL OCR-эндпоинта или выберите Marker/DeepSeek/RapidOCR.",False,False,False,False,False,False,False,0,7,0.0,0,0.0,False,False,False,0,
replit,Replit OCR endpoint,UZB/UZB_011.jpg,UZB-011,UZB,error,error,0,19,"RuntimeError: Replit OCR выбран, но REPLIT_OCR_URL не задан. Укажите URL OCR-эндпоинта или выберите Marker/DeepSeek/RapidOCR.",False,False,False,False,False,False,False,0,7,0.0,0,0.0,False,False,False,0,
replit,Replit OCR endpoint,UZB/UZB_012.jpg,UZB-012,UZB,error,error,0,20,"RuntimeError: Replit OCR выбран, но REPLIT_OCR_URL не задан. Укажите URL OCR-эндпоинта или выберите Marker/DeepSeek/RapidOCR.",False,False,False,False,False,False,False,0,7,0.0,0,0.0,False,False,False,0,
replit,Replit OCR endpoint,UZB/UZB_013.jpg,UZB-013,UZB,error,error,0,20,"RuntimeError: Replit OCR выбран, но REPLIT_OCR_URL не задан. Укажите URL OCR-эндпоинта или выберите Marker/DeepSeek/RapidOCR.",False,False,False,False,False,False,False,0,7,0.0,0,0.0,False,False,False,0,
replit,Replit OCR endpoint,UZB/UZB_014.jpg,UZB-014,UZB,error,error,0,18,"RuntimeError: Replit OCR выбран, но REPLIT_OCR_URL не задан. Укажите URL OCR-эндпоинта или выберите Marker/DeepSeek/RapidOCR.",False,False,False,False,False,False,False,0,7,0.0,0,0.0,False,False,False,0,
replit,Replit OCR endpoint,UZB/UZB_015.jpg,UZB-015,UZB,error,error,0,19,"RuntimeError: Replit OCR выбран, но REPLIT_OCR_URL не задан. Укажите URL OCR-эндпоинта или выберите Marker/DeepSeek/RapidOCR.",False,False,False,False,False,False,False,0,7,0.0,0,0.0,False,False,False,0,
replit,Replit OCR endpoint,UZB/UZB_016.jpg,UZB-016,UZB,error,error,0,19,"RuntimeError: Replit OCR выбран, но REPLIT_OCR_URL не задан. Укажите URL OCR-эндпоинта или выберите Marker/DeepSeek/RapidOCR.",False,False,False,False,False,False,False,0,7,0.0,0,0.0,False,False,False,0,
replit,Replit OCR endpoint,UZB/UZB_017.jpg,UZB-017,UZB,error,error,0,20,"RuntimeError: Replit OCR выбран, но REPLIT_OCR_URL не задан. Укажите URL OCR-эндпоинта или выберите Marker/DeepSeek/RapidOCR.",False,False,False,False,False,False,False,0,7,0.0,0,0.0,False,False,False,0,
replit,Replit OCR endpoint,UZB/UZB_018.jpg,UZB-018,UZB,error,error,0,20,"RuntimeError: Replit OCR выбран, но REPLIT_OCR_URL не задан. Укажите URL OCR-эндпоинта или выберите Marker/DeepSeek/RapidOCR.",False,False,False,False,False,False,False,0,7,0.0,0,0.0,False,False,False,0,
replit,Replit OCR endpoint,UZB/UZB_019.jpg,UZB-019,UZB,error,error,0,19,"RuntimeError: Replit OCR выбран, но REPLIT_OCR_URL не задан. Укажите URL OCR-эндпоинта или выберите Marker/DeepSeek/RapidOCR.",False,False,False,False,False,False,False,0,7,0.0,0,0.0,False,False,False,0,
replit,Replit OCR endpoint,UZB/UZB_020.jpg,UZB-020,UZB,error,error,0,20,"RuntimeError: Replit OCR выбран, но REPLIT_OCR_URL не задан. Укажите URL OCR-эндпоинта или выберите Marker/DeepSeek/RapidOCR.",False,False,False,False,False,False,False,0,7,0.0,0,0.0,False,False,False,0,
replit,Replit OCR endpoint,UZB/UZB_021.jpg,UZB-021,UZB,error,error,0,18,"RuntimeError: Replit OCR выбран, но REPLIT_OCR_URL не задан. Укажите URL OCR-эндпоинта или выберите Marker/DeepSeek/RapidOCR.",False,False,False,False,False,False,False,0,7,0.0,0,0.0,False,False,False,0,
replit,Replit OCR endpoint,UZB/UZB_022.jpg,UZB-022,UZB,error,error,0,19,"RuntimeError: Replit OCR выбран, но REPLIT_OCR_URL не задан. Укажите URL OCR-эндпоинта или выберите Marker/DeepSeek/RapidOCR.",False,False,False,False,False,False,False,0,7,0.0,0,0.0,False,False,False,0,
replit,Replit OCR endpoint,UZB/UZB_023.jpg,UZB-023,UZB,error,error,0,19,"RuntimeError: Replit OCR выбран, но REPLIT_OCR_URL не задан. Укажите URL OCR-эндпоинта или выберите Marker/DeepSeek/RapidOCR.",False,False,False,False,False,False,False,0,7,0.0,0,0.0,False,False,False,0,
replit,Replit OCR endpoint,UZB/UZB_024.jpg,UZB-024,UZB,error,error,0,18,"RuntimeError: Replit OCR выбран, но REPLIT_OCR_URL не задан. Укажите URL OCR-эндпоинта или выберите Marker/DeepSeek/RapidOCR.",False,False,False,False,False,False,False,0,7,0.0,0,0.0,False,False,False,0,
replit,Replit OCR endpoint,UZB/UZB_025.jpg,UZB-025,UZB,error,error,0,19,"RuntimeError: Replit OCR выбран, но REPLIT_OCR_URL не задан. Укажите URL OCR-эндпоинта или выберите Marker/DeepSeek/RapidOCR.",False,False,False,False,False,False,False,0,7,0.0,0,0.0,False,False,False,0,
replit,Replit OCR endpoint,UZB/UZB_026.jpg,UZB-026,UZB,error,error,0,18,"RuntimeError: Replit OCR выбран, но REPLIT_OCR_URL не задан. Укажите URL OCR-эндпоинта или выберите Marker/DeepSeek/RapidOCR.",False,False,False,False,False,False,False,0,7,0.0,0,0.0,False,False,False,0,
replit,Replit OCR endpoint,UZB/UZB_027.jpg,UZB-027,UZB,error,error,0,20,"RuntimeError: Replit OCR выбран, но REPLIT_OCR_URL не задан. Укажите URL OCR-эндпоинта или выберите Marker/DeepSeek/RapidOCR.",False,False,False,False,False,False,False,0,7,0.0,0,0.0,False,False,False,0,
replit,Replit OCR endpoint,UZB/UZB_028.jpg,UZB-028,UZB,error,error,0,19,"RuntimeError: Replit OCR выбран, но REPLIT_OCR_URL не задан. Укажите URL OCR-эндпоинта или выберите Marker/DeepSeek/RapidOCR.",False,False,False,False,False,False,False,0,7,0.0,0,0.0,False,False,False,0,
replit,Replit OCR endpoint,UZB/UZB_029.jpg,UZB-029,UZB,error,error,0,18,"RuntimeError: Replit OCR выбран, но REPLIT_OCR_URL не задан. Укажите URL OCR-эндпоинта или выберите Marker/DeepSeek/RapidOCR.",False,False,False,False,False,False,False,0,7,0.0,0,0.0,False,False,False,0,
replit,Replit OCR endpoint,UZB/UZB_030.jpg,UZB-030,UZB,error,error,0,20,"RuntimeError: Replit OCR выбран, но REPLIT_OCR_URL не задан. Укажите URL OCR-эндпоинта или выберите Marker/DeepSeek/RapidOCR.",False,False,False,False,False,False,False,0,7,0.0,0,0.0,False,False,False,0,
replit,Replit OCR endpoint,UZB/UZB_031.jpg,UZB-031,UZB,error,error,0,20,"RuntimeError: Replit OCR выбран, но REPLIT_OCR_URL не задан. Укажите URL OCR-эндпоинта или выберите Marker/DeepSeek/RapidOCR.",False,False,False,False,False,False,False,0,7,0.0,0,0.0,False,False,False,0,
replit,Replit OCR endpoint,UZB/UZB_032.jpg,UZB-032,UZB,error,error,0,20,"RuntimeError: Replit OCR выбран, но REPLIT_OCR_URL не задан. Укажите URL OCR-эндпоинта или выберите Marker/DeepSeek/RapidOCR.",False,False,False,False,False,False,False,0,7,0.0,0,0.0,False,False,False,0,
replit,Replit OCR endpoint,UZB/UZB_033.jpg,UZB-033,UZB,error,error,0,20,"RuntimeError: Replit OCR выбран, но REPLIT_OCR_URL не задан. Укажите URL OCR-эндпоинта или выберите Marker/DeepSeek/RapidOCR.",False,False,False,False,False,False,False,0,7,0.0,0,0.0,False,False,False,0,
replit,Replit OCR endpoint,UZB/UZB_034.jpg,UZB-034,UZB,error,error,0,19,"RuntimeError: Replit OCR выбран, но REPLIT_OCR_URL не задан. Укажите URL OCR-эндпоинта или выберите Marker/DeepSeek/RapidOCR.",False,False,False,False,False,False,False,0,7,0.0,0,0.0,False,False,False,0,
replit,Replit OCR endpoint,UZB/UZB_035.jpg,UZB-035,UZB,error,error,0,20,"RuntimeError: Replit OCR выбран, но REPLIT_OCR_URL не задан. Укажите URL OCR-эндпоинта или выберите Marker/DeepSeek/RapidOCR.",False,False,False,False,False,False,False,0,7,0.0,0,0.0,False,False,False,0,
replit,Replit OCR endpoint,UZB/UZB_036.jpg,UZB-036,UZB,error,error,0,19,"RuntimeError: Replit OCR выбран, но REPLIT_OCR_URL не задан. Укажите URL OCR-эндпоинта или выберите Marker/DeepSeek/RapidOCR.",False,False,False,False,False,False,False,0,7,0.0,0,0.0,False,False,False,0,
replit,Replit OCR endpoint,UZB/UZB_037.jpg,UZB-037,UZB,error,error,0,20,"RuntimeError: Replit OCR выбран, но REPLIT_OCR_URL не задан. Укажите URL OCR-эндпоинта или выберите Marker/DeepSeek/RapidOCR.",False,False,False,False,False,False,False,0,7,0.0,0,0.0,False,False,False,0,
replit,Replit OCR endpoint,UZB/UZB_038.jpg,UZB-038,UZB,error,error,0,19,"RuntimeError: Replit OCR выбран, но REPLIT_OCR_URL не задан. Укажите URL OCR-эндпоинта или выберите Marker/DeepSeek/RapidOCR.",False,False,False,False,False,False,False,0,7,0.0,0,0.0,False,False,False,0,
replit,Replit OCR endpoint,UZB/UZB_039.jpg,UZB-039,UZB,error,error,0,19,"RuntimeError: Replit OCR выбран, но REPLIT_OCR_URL не задан. Укажите URL OCR-эндпоинта или выберите Marker/DeepSeek/RapidOCR.",False,False,False,False,False,False,False,0,7,0.0,0,0.0,False,False,False,0,
replit,Replit OCR endpoint,UZB/UZB_040.jpg,UZB-040,UZB,error,error,0,19,"RuntimeError: Replit OCR выбран, но REPLIT_OCR_URL не задан. Укажите URL OCR-эндпоинта или выберите Marker/DeepSeek/RapidOCR.",False,False,False,False,False,False,False,0,7,0.0,0,0.0,False,False,False,0,
replit,Replit OCR endpoint,UZB/UZB_041.jpg,UZB-041,UZB,error,error,0,19,"RuntimeError: Replit OCR выбран, но REPLIT_OCR_URL не задан. Укажите URL OCR-эндпоинта или выберите Marker/DeepSeek/RapidOCR.",False,False,False,False,False,False,False,0,7,0.0,0,0.0,False,False,False,0,
replit,Replit OCR endpoint,UZB/UZB_042.jpg,UZB-042,UZB,error,error,0,19,"RuntimeError: Replit OCR выбран, но REPLIT_OCR_URL не задан. Укажите URL OCR-эндпоинта или выберите Marker/DeepSeek/RapidOCR.",False,False,False,False,False,False,False,0,7,0.0,0,0.0,False,False,False,0,
replit,Replit OCR endpoint,UZB/UZB_043.jpg,UZB-043,UZB,error,error,0,19,"RuntimeError: Replit OCR выбран, но REPLIT_OCR_URL не задан. Укажите URL OCR-эндпоинта или выберите Marker/DeepSeek/RapidOCR.",False,False,False,False,False,False,False,0,7,0.0,0,0.0,False,False,False,0,
replit,Replit OCR endpoint,UZB/UZB_044.jpg,UZB-044,UZB,error,error,0,20,"RuntimeError: Replit OCR выбран, но REPLIT_OCR_URL не задан. Укажите URL OCR-эндпоинта или выберите Marker/DeepSeek/RapidOCR.",False,False,False,False,False,False,False,0,7,0.0,0,0.0,False,False,False,0,
replit,Replit OCR endpoint,UZB/UZB_045.jpg,UZB-045,UZB,error,error,0,19,"RuntimeError: Replit OCR выбран, но REPLIT_OCR_URL не задан. Укажите URL OCR-эндпоинта или выберите Marker/DeepSeek/RapidOCR.",False,False,False,False,False,False,False,0,7,0.0,0,0.0,False,False,False,0,
replit,Replit OCR endpoint,UZB/UZB_046.jpg,UZB-046,UZB,error,error,0,19,"RuntimeError: Replit OCR выбран, но REPLIT_OCR_URL не задан. Укажите URL OCR-эндпоинта или выберите Marker/DeepSeek/RapidOCR.",False,False,False,False,False,False,False,0,7,0.0,0,0.0,False,False,False,0,
replit,Replit OCR endpoint,UZB/UZB_047.jpg,UZB-047,UZB,error,error,0,20,"RuntimeError: Replit OCR выбран, но REPLIT_OCR_URL не задан. Укажите URL OCR-эндпоинта или выберите Marker/DeepSeek/RapidOCR.",False,False,False,False,False,False,False,0,7,0.0,0,0.0,False,False,False,0,
replit,Replit OCR endpoint,UZB/UZB_048.jpg,UZB-048,UZB,error,error,0,20,"RuntimeError: Replit OCR выбран, но REPLIT_OCR_URL не задан. Укажите URL OCR-эндпоинта или выберите Marker/DeepSeek/RapidOCR.",False,False,False,False,False,False,False,0,7,0.0,0,0.0,False,False,False,0,
replit,Replit OCR endpoint,UZB/UZB_049.jpg,UZB-049,UZB,error,error,0,20,"RuntimeError: Replit OCR выбран, но REPLIT_OCR_URL не задан. Укажите URL OCR-эндпоинта или выберите Marker/DeepSeek/RapidOCR.",False,False,False,False,False,False,False,0,7,0.0,0,0.0,False,False,False,0,
replit,Replit OCR endpoint,UZB/UZB_050.jpg,UZB-050,UZB,error,error,0,20,"RuntimeError: Replit OCR выбран, но REPLIT_OCR_URL не задан. Укажите URL OCR-эндпоинта или выберите Marker/DeepSeek/RapidOCR.",False,False,False,False,False,False,False,0,7,0.0,0,0.0,False,False,False,0,
replit,Replit OCR endpoint,RUS/RUS_001.jpg,RUS-001,RUS,error,error,0,20,"RuntimeError: Replit OCR выбран, но REPLIT_OCR_URL не задан. Укажите URL OCR-эндпоинта или выберите Marker/DeepSeek/RapidOCR.",False,False,False,False,False,False,False,0,7,0.0,0,0.0,False,False,False,0,
replit,Replit OCR endpoint,RUS/RUS_002.jpg,RUS-002,RUS,error,error,0,18,"RuntimeError: Replit OCR выбран, но REPLIT_OCR_URL не задан. Укажите URL OCR-эндпоинта или выберите Marker/DeepSeek/RapidOCR.",False,False,False,False,False,False,False,0,7,0.0,0,0.0,False,False,False,0,
replit,Replit OCR endpoint,RUS/RUS_003.jpg,RUS-003,RUS,error,error,0,20,"RuntimeError: Replit OCR выбран, но REPLIT_OCR_URL не задан. Укажите URL OCR-эндпоинта или выберите Marker/DeepSeek/RapidOCR.",False,False,False,False,False,False,False,0,7,0.0,0,0.0,False,False,False,0,
replit,Replit OCR endpoint,RUS/RUS_004.jpg,RUS-004,RUS,error,error,0,19,"RuntimeError: Replit OCR выбран, но REPLIT_OCR_URL не задан. Укажите URL OCR-эндпоинта или выберите Marker/DeepSeek/RapidOCR.",False,False,False,False,False,False,False,0,7,0.0,0,0.0,False,False,False,0,
replit,Replit OCR endpoint,RUS/RUS_005.jpg,RUS-005,RUS,error,error,0,20,"RuntimeError: Replit OCR выбран, но REPLIT_OCR_URL не задан. Укажите URL OCR-эндпоинта или выберите Marker/DeepSeek/RapidOCR.",False,False,False,False,False,False,False,0,7,0.0,0,0.0,False,False,False,0,
replit,Replit OCR endpoint,RUS/RUS_006.jpg,RUS-006,RUS,error,error,0,20,"RuntimeError: Replit OCR выбран, но REPLIT_OCR_URL не задан. Укажите URL OCR-эндпоинта или выберите Marker/DeepSeek/RapidOCR.",False,False,False,False,False,False,False,0,7,0.0,0,0.0,False,False,False,0,
replit,Replit OCR endpoint,RUS/RUS_007.jpg,RUS-007,RUS,error,error,0,19,"RuntimeError: Replit OCR выбран, но REPLIT_OCR_URL не задан. Укажите URL OCR-эндпоинта или выберите Marker/DeepSeek/RapidOCR.",False,False,False,False,False,False,False,0,7,0.0,0,0.0,False,False,False,0,
replit,Replit OCR endpoint,RUS/RUS_008.jpg,RUS-008,RUS,error,error,0,20,"RuntimeError: Replit OCR выбран, но REPLIT_OCR_URL не задан. Укажите URL OCR-эндпоинта или выберите Marker/DeepSeek/RapidOCR.",False,False,False,False,False,False,False,0,7,0.0,0,0.0,False,False,False,0,
replit,Replit OCR endpoint,RUS/RUS_009.jpg,RUS-009,RUS,error,error,0,20,"RuntimeError: Replit OCR выбран, но REPLIT_OCR_URL не задан. Укажите URL OCR-эндпоинта или выберите Marker/DeepSeek/RapidOCR.",False,False,False,False,False,False,False,0,7,0.0,0,0.0,False,False,False,0,
replit,Replit OCR endpoint,RUS/RUS_010.jpg,RUS-010,RUS,error,error,0,19,"RuntimeError: Replit OCR выбран, но REPLIT_OCR_URL не задан. Укажите URL OCR-эндпоинта или выберите Marker/DeepSeek/RapidOCR.",False,False,False,False,False,False,False,0,7,0.0,0,0.0,False,False,False,0,
replit,Replit OCR endpoint,RUS/RUS_011.jpg,RUS-011,RUS,error,error,0,19,"RuntimeError: Replit OCR выбран, но REPLIT_OCR_URL не задан. Укажите URL OCR-эндпоинта или выберите Marker/DeepSeek/RapidOCR.",False,False,False,False,False,False,False,0,7,0.0,0,0.0,False,False,False,0,
replit,Replit OCR endpoint,RUS/RUS_012.jpg,RUS-012,RUS,error,error,0,19,"RuntimeError: Replit OCR выбран, но REPLIT_OCR_URL не задан. Укажите URL OCR-эндпоинта или выберите Marker/DeepSeek/RapidOCR.",False,False,False,False,False,False,False,0,7,0.0,0,0.0,False,False,False,0,
replit,Replit OCR endpoint,RUS/RUS_013.jpg,RUS-013,RUS,error,error,0,20,"RuntimeError: Replit OCR выбран, но REPLIT_OCR_URL не задан. Укажите URL OCR-эндпоинта или выберите Marker/DeepSeek/RapidOCR.",False,False,False,False,False,False,False,0,7,0.0,0,0.0,False,False,False,0,
replit,Replit OCR endpoint,RUS/RUS_014.jpg,RUS-014,RUS,error,error,0,21,"RuntimeError: Replit OCR выбран, но REPLIT_OCR_URL не задан. Укажите URL OCR-эндпоинта или выберите Marker/DeepSeek/RapidOCR.",False,False,False,False,False,False,False,0,7,0.0,0,0.0,False,False,False,0,
replit,Replit OCR endpoint,RUS/RUS_015.jpg,RUS-015,RUS,error,error,0,19,"RuntimeError: Replit OCR выбран, но REPLIT_OCR_URL не задан. Укажите URL OCR-эндпоинта или выберите Marker/DeepSeek/RapidOCR.",False,False,False,False,False,False,False,0,7,0.0,0,0.0,False,False,False,0,
replit,Replit OCR endpoint,RUS/RUS_016.jpg,RUS-016,RUS,error,error,0,20,"RuntimeError: Replit OCR выбран, но REPLIT_OCR_URL не задан. Укажите URL OCR-эндпоинта или выберите Marker/DeepSeek/RapidOCR.",False,False,False,False,False,False,False,0,7,0.0,0,0.0,False,False,False,0,
replit,Replit OCR endpoint,RUS/RUS_017.jpg,RUS-017,RUS,error,error,0,19,"RuntimeError: Replit OCR выбран, но REPLIT_OCR_URL не задан. Укажите URL OCR-эндпоинта или выберите Marker/DeepSeek/RapidOCR.",False,False,False,False,False,False,False,0,7,0.0,0,0.0,False,False,False,0,
replit,Replit OCR endpoint,RUS/RUS_018.jpg,RUS-018,RUS,error,error,0,19,"RuntimeError: Replit OCR выбран, но REPLIT_OCR_URL не задан. Укажите URL OCR-эндпоинта или выберите Marker/DeepSeek/RapidOCR.",False,False,False,False,False,False,False,0,7,0.0,0,0.0,False,False,False,0,
replit,Replit OCR endpoint,RUS/RUS_019.jpg,RUS-019,RUS,error,error,0,20,"RuntimeError: Replit OCR выбран, но REPLIT_OCR_URL не задан. Укажите URL OCR-эндпоинта или выберите Marker/DeepSeek/RapidOCR.",False,False,False,False,False,False,False,0,7,0.0,0,0.0,False,False,False,0,
replit,Replit OCR endpoint,RUS/RUS_020.jpg,RUS-020,RUS,error,error,0,19,"RuntimeError: Replit OCR выбран, но REPLIT_OCR_URL не задан. Укажите URL OCR-эндпоинта или выберите Marker/DeepSeek/RapidOCR.",False,False,False,False,False,False,False,0,7,0.0,0,0.0,False,False,False,0,
replit,Replit OCR endpoint,RUS/RUS_021.jpg,RUS-021,RUS,error,error,0,20,"RuntimeError: Replit OCR выбран, но REPLIT_OCR_URL не задан. Укажите URL OCR-эндпоинта или выберите Marker/DeepSeek/RapidOCR.",False,False,False,False,False,False,False,0,7,0.0,0,0.0,False,False,False,0,
replit,Replit OCR endpoint,RUS/RUS_022.jpg,RUS-022,RUS,error,error,0,20,"RuntimeError: Replit OCR выбран, но REPLIT_OCR_URL не задан. Укажите URL OCR-эндпоинта или выберите Marker/DeepSeek/RapidOCR.",False,False,False,False,False,False,False,0,7,0.0,0,0.0,False,False,False,0,
replit,Replit OCR endpoint,RUS/RUS_023.jpg,RUS-023,RUS,error,error,0,20,"RuntimeError: Replit OCR выбран, но REPLIT_OCR_URL не задан. Укажите URL OCR-эндпоинта или выберите Marker/DeepSeek/RapidOCR.",False,False,False,False,False,False,False,0,7,0.0,0,0.0,False,False,False,0,
replit,Replit OCR endpoint,RUS/RUS_024.jpg,RUS-024,RUS,error,error,0,20,"RuntimeError: Replit OCR выбран, но REPLIT_OCR_URL не задан. Укажите URL OCR-эндпоинта или выберите Marker/DeepSeek/RapidOCR.",False,False,False,False,False,False,False,0,7,0.0,0,0.0,False,False,False,0,
replit,Replit OCR endpoint,RUS/RUS_025.jpg,RUS-025,RUS,error,error,0,20,"RuntimeError: Replit OCR выбран, но REPLIT_OCR_URL не задан. Укажите URL OCR-эндпоинта или выберите Marker/DeepSeek/RapidOCR.",False,False,False,False,False,False,False,0,7,0.0,0,0.0,False,False,False,0,
replit,Replit OCR endpoint,RUS/RUS_026.jpg,RUS-026,RUS,error,error,0,19,"RuntimeError: Replit OCR выбран, но REPLIT_OCR_URL не задан. Укажите URL OCR-эндпоинта или выберите Marker/DeepSeek/RapidOCR.",False,False,False,False,False,False,False,0,7,0.0,0,0.0,False,False,False,0,
replit,Replit OCR endpoint,RUS/RUS_027.jpg,RUS-027,RUS,error,error,0,20,"RuntimeError: Replit OCR выбран, но REPLIT_OCR_URL не задан. Укажите URL OCR-эндпоинта или выберите Marker/DeepSeek/RapidOCR.",False,False,False,False,False,False,False,0,7,0.0,0,0.0,False,False,False,0,
replit,Replit OCR endpoint,RUS/RUS_028.jpg,RUS-028,RUS,error,error,0,20,"RuntimeError: Replit OCR выбран, но REPLIT_OCR_URL не задан. Укажите URL OCR-эндпоинта или выберите Marker/DeepSeek/RapidOCR.",False,False,False,False,False,False,False,0,7,0.0,0,0.0,False,False,False,0,
replit,Replit OCR endpoint,RUS/RUS_029.jpg,RUS-029,RUS,error,error,0,20,"RuntimeError: Replit OCR выбран, но REPLIT_OCR_URL не задан. Укажите URL OCR-эндпоинта или выберите Marker/DeepSeek/RapidOCR.",False,False,False,False,False,False,False,0,7,0.0,0,0.0,False,False,False,0,
replit,Replit OCR endpoint,RUS/RUS_030.jpg,RUS-030,RUS,error,error,0,19,"RuntimeError: Replit OCR выбран, но REPLIT_OCR_URL не задан. Укажите URL OCR-эндпоинта или выберите Marker/DeepSeek/RapidOCR.",False,False,False,False,False,False,False,0,7,0.0,0,0.0,False,False,False,0,
replit,Replit OCR endpoint,RUS/RUS_031.jpg,RUS-031,RUS,error,error,0,19,"RuntimeError: Replit OCR выбран, но REPLIT_OCR_URL не задан. Укажите URL OCR-эндпоинта или выберите Marker/DeepSeek/RapidOCR.",False,False,False,False,False,False,False,0,7,0.0,0,0.0,False,False,False,0,
replit,Replit OCR endpoint,RUS/RUS_032.jpg,RUS-032,RUS,error,error,0,19,"RuntimeError: Replit OCR выбран, но REPLIT_OCR_URL не задан. Укажите URL OCR-эндпоинта или выберите Marker/DeepSeek/RapidOCR.",False,False,False,False,False,False,False,0,7,0.0,0,0.0,False,False,False,0,
replit,Replit OCR endpoint,RUS/RUS_033.jpg,RUS-033,RUS,error,error,0,19,"RuntimeError: Replit OCR выбран, но REPLIT_OCR_URL не задан. Укажите URL OCR-эндпоинта или выберите Marker/DeepSeek/RapidOCR.",False,False,False,False,False,False,False,0,7,0.0,0,0.0,False,False,False,0,
replit,Replit OCR endpoint,RUS/RUS_034.jpg,RUS-034,RUS,error,error,0,20,"RuntimeError: Replit OCR выбран, но REPLIT_OCR_URL не задан. Укажите URL OCR-эндпоинта или выберите Marker/DeepSeek/RapidOCR.",False,False,False,False,False,False,False,0,7,0.0,0,0.0,False,False,False,0,
replit,Replit OCR endpoint,RUS/RUS_035.jpg,RUS-035,RUS,error,error,0,19,"RuntimeError: Replit OCR выбран, но REPLIT_OCR_URL не задан. Укажите URL OCR-эндпоинта или выберите Marker/DeepSeek/RapidOCR.",False,False,False,False,False,False,False,0,7,0.0,0,0.0,False,False,False,0,
replit,Replit OCR endpoint,RUS/RUS_036.jpg,RUS-036,RUS,error,error,0,20,"RuntimeError: Replit OCR выбран, но REPLIT_OCR_URL не задан. Укажите URL OCR-эндпоинта или выберите Marker/DeepSeek/RapidOCR.",False,False,False,False,False,False,False,0,7,0.0,0,0.0,False,False,False,0,
replit,Replit OCR endpoint,RUS/RUS_037.jpg,RUS-037,RUS,error,error,0,20,"RuntimeError: Replit OCR выбран, но REPLIT_OCR_URL не задан. Укажите URL OCR-эндпоинта или выберите Marker/DeepSeek/RapidOCR.",False,False,False,False,False,False,False,0,7,0.0,0,0.0,False,False,False,0,
replit,Replit OCR endpoint,RUS/RUS_038.jpg,RUS-038,RUS,error,error,0,20,"RuntimeError: Replit OCR выбран, но REPLIT_OCR_URL не задан. Укажите URL OCR-эндпоинта или выберите Marker/DeepSeek/RapidOCR.",False,False,False,False,False,False,False,0,7,0.0,0,0.0,False,False,False,0,
replit,Replit OCR endpoint,RUS/RUS_039.jpg,RUS-039,RUS,error,error,0,19,"RuntimeError: Replit OCR выбран, но REPLIT_OCR_URL не задан. Укажите URL OCR-эндпоинта или выберите Marker/DeepSeek/RapidOCR.",False,False,False,False,False,False,False,0,7,0.0,0,0.0,False,False,False,0,
replit,Replit OCR endpoint,RUS/RUS_040.jpg,RUS-040,RUS,error,error,0,20,"RuntimeError: Replit OCR выбран, но REPLIT_OCR_URL не задан. Укажите URL OCR-эндпоинта или выберите Marker/DeepSeek/RapidOCR.",False,False,False,False,False,False,False,0,7,0.0,0,0.0,False,False,False,0,
replit,Replit OCR endpoint,RUS/RUS_041.jpg,RUS-041,RUS,error,error,0,20,"RuntimeError: Replit OCR выбран, но REPLIT_OCR_URL не задан. Укажите URL OCR-эндпоинта или выберите Marker/DeepSeek/RapidOCR.",False,False,False,False,False,False,False,0,7,0.0,0,0.0,False,False,False,0,
replit,Replit OCR endpoint,RUS/RUS_042.jpg,RUS-042,RUS,error,error,0,19,"RuntimeError: Replit OCR выбран, но REPLIT_OCR_URL не задан. Укажите URL OCR-эндпоинта или выберите Marker/DeepSeek/RapidOCR.",False,False,False,False,False,False,False,0,7,0.0,0,0.0,False,False,False,0,
replit,Replit OCR endpoint,RUS/RUS_043.jpg,RUS-043,RUS,error,error,0,18,"RuntimeError: Replit OCR выбран, но REPLIT_OCR_URL не задан. Укажите URL OCR-эндпоинта или выберите Marker/DeepSeek/RapidOCR.",False,False,False,False,False,False,False,0,7,0.0,0,0.0,False,False,False,0,
replit,Replit OCR endpoint,RUS/RUS_044.jpg,RUS-044,RUS,error,error,0,19,"RuntimeError: Replit OCR выбран, но REPLIT_OCR_URL не задан. Укажите URL OCR-эндпоинта или выберите Marker/DeepSeek/RapidOCR.",False,False,False,False,False,False,False,0,7,0.0,0,0.0,False,False,False,0,
replit,Replit OCR endpoint,RUS/RUS_045.jpg,RUS-045,RUS,error,error,0,19,"RuntimeError: Replit OCR выбран, но REPLIT_OCR_URL не задан. Укажите URL OCR-эндпоинта или выберите Marker/DeepSeek/RapidOCR.",False,False,False,False,False,False,False,0,7,0.0,0,0.0,False,False,False,0,
replit,Replit OCR endpoint,RUS/RUS_046.jpg,RUS-046,RUS,error,error,0,20,"RuntimeError: Replit OCR выбран, но REPLIT_OCR_URL не задан. Укажите URL OCR-эндпоинта или выберите Marker/DeepSeek/RapidOCR.",False,False,False,False,False,False,False,0,7,0.0,0,0.0,False,False,False,0,
replit,Replit OCR endpoint,RUS/RUS_047.jpg,RUS-047,RUS,error,error,0,20,"RuntimeError: Replit OCR выбран, но REPLIT_OCR_URL не задан. Укажите URL OCR-эндпоинта или выберите Marker/DeepSeek/RapidOCR.",False,False,False,False,False,False,False,0,7,0.0,0,0.0,False,False,False,0,
replit,Replit OCR endpoint,RUS/RUS_048.jpg,RUS-048,RUS,error,error,0,19,"RuntimeError: Replit OCR выбран, но REPLIT_OCR_URL не задан. Укажите URL OCR-эндпоинта или выберите Marker/DeepSeek/RapidOCR.",False,False,False,False,False,False,False,0,7,0.0,0,0.0,False,False,False,0,
replit,Replit OCR endpoint,RUS/RUS_049.jpg,RUS-049,RUS,error,error,0,20,"RuntimeError: Replit OCR выбран, но REPLIT_OCR_URL не задан. Укажите URL OCR-эндпоинта или выберите Marker/DeepSeek/RapidOCR.",False,False,False,False,False,False,False,0,7,0.0,0,0.0,False,False,False,0,
replit,Replit OCR endpoint,RUS/RUS_050.jpg,RUS-050,RUS,error,error,0,19,"RuntimeError: Replit OCR выбран, но REPLIT_OCR_URL не задан. Укажите URL OCR-эндпоинта или выберите Marker/DeepSeek/RapidOCR.",False,False,False,False,False,False,False,0,7,0.0,0,0.0,False,False,False,0,
replit,Replit OCR endpoint,TUR/TUR_001.jpg,TUR-001,TUR,error,error,0,19,"RuntimeError: Replit OCR выбран, но REPLIT_OCR_URL не задан. Укажите URL OCR-эндпоинта или выберите Marker/DeepSeek/RapidOCR.",False,False,False,False,False,False,False,0,7,0.0,0,0.0,False,False,False,0,
replit,Replit OCR endpoint,TUR/TUR_002.jpg,TUR-002,TUR,error,error,0,19,"RuntimeError: Replit OCR выбран, но REPLIT_OCR_URL не задан. Укажите URL OCR-эндпоинта или выберите Marker/DeepSeek/RapidOCR.",False,False,False,False,False,False,False,0,7,0.0,0,0.0,False,False,False,0,
replit,Replit OCR endpoint,TUR/TUR_003.jpg,TUR-003,TUR,error,error,0,20,"RuntimeError: Replit OCR выбран, но REPLIT_OCR_URL не задан. Укажите URL OCR-эндпоинта или выберите Marker/DeepSeek/RapidOCR.",False,False,False,False,False,False,False,0,7,0.0,0,0.0,False,False,False,0,
replit,Replit OCR endpoint,TUR/TUR_004.jpg,TUR-004,TUR,error,error,0,20,"RuntimeError: Replit OCR выбран, но REPLIT_OCR_URL не задан. Укажите URL OCR-эндпоинта или выберите Marker/DeepSeek/RapidOCR.",False,False,False,False,False,False,False,0,7,0.0,0,0.0,False,False,False,0,
replit,Replit OCR endpoint,TUR/TUR_005.jpg,TUR-005,TUR,error,error,0,19,"RuntimeError: Replit OCR выбран, но REPLIT_OCR_URL не задан. Укажите URL OCR-эндпоинта или выберите Marker/DeepSeek/RapidOCR.",False,False,False,False,False,False,False,0,7,0.0,0,0.0,False,False,False,0,
replit,Replit OCR endpoint,TUR/TUR_006.jpg,TUR-006,TUR,error,error,0,21,"RuntimeError: Replit OCR выбран, но REPLIT_OCR_URL не задан. Укажите URL OCR-эндпоинта или выберите Marker/DeepSeek/RapidOCR.",False,False,False,False,False,False,False,0,7,0.0,0,0.0,False,False,False,0,
replit,Replit OCR endpoint,TUR/TUR_007.jpg,TUR-007,TUR,error,error,0,20,"RuntimeError: Replit OCR выбран, но REPLIT_OCR_URL не задан. Укажите URL OCR-эндпоинта или выберите Marker/DeepSeek/RapidOCR.",False,False,False,False,False,False,False,0,7,0.0,0,0.0,False,False,False,0,
replit,Replit OCR endpoint,TUR/TUR_008.jpg,TUR-008,TUR,error,error,0,19,"RuntimeError: Replit OCR выбран, но REPLIT_OCR_URL не задан. Укажите URL OCR-эндпоинта или выберите Marker/DeepSeek/RapidOCR.",False,False,False,False,False,False,False,0,7,0.0,0,0.0,False,False,False,0,
replit,Replit OCR endpoint,TUR/TUR_009.jpg,TUR-009,TUR,error,error,0,20,"RuntimeError: Replit OCR выбран, но REPLIT_OCR_URL не задан. Укажите URL OCR-эндпоинта или выберите Marker/DeepSeek/RapidOCR.",False,False,False,False,False,False,False,0,7,0.0,0,0.0,False,False,False,0,
replit,Replit OCR endpoint,TUR/TUR_010.jpg,TUR-010,TUR,error,error,0,20,"RuntimeError: Replit OCR выбран, но REPLIT_OCR_URL не задан. Укажите URL OCR-эндпоинта или выберите Marker/DeepSeek/RapidOCR.",False,False,False,False,False,False,False,0,7,0.0,0,0.0,False,False,False,0,
replit,Replit OCR endpoint,TUR/TUR_011.jpg,TUR-011,TUR,error,error,0,19,"RuntimeError: Replit OCR выбран, но REPLIT_OCR_URL не задан. Укажите URL OCR-эндпоинта или выберите Marker/DeepSeek/RapidOCR.",False,False,False,False,False,False,False,0,7,0.0,0,0.0,False,False,False,0,
replit,Replit OCR endpoint,TUR/TUR_012.jpg,TUR-012,TUR,error,error,0,20,"RuntimeError: Replit OCR выбран, но REPLIT_OCR_URL не задан. Укажите URL OCR-эндпоинта или выберите Marker/DeepSeek/RapidOCR.",False,False,False,False,False,False,False,0,7,0.0,0,0.0,False,False,False,0,
replit,Replit OCR endpoint,TUR/TUR_013.jpg,TUR-013,TUR,error,error,0,20,"RuntimeError: Replit OCR выбран, но REPLIT_OCR_URL не задан. Укажите URL OCR-эндпоинта или выберите Marker/DeepSeek/RapidOCR.",False,False,False,False,False,False,False,0,7,0.0,0,0.0,False,False,False,0,
replit,Replit OCR endpoint,TUR/TUR_014.jpg,TUR-014,TUR,error,error,0,19,"RuntimeError: Replit OCR выбран, но REPLIT_OCR_URL не задан. Укажите URL OCR-эндпоинта или выберите Marker/DeepSeek/RapidOCR.",False,False,False,False,False,False,False,0,7,0.0,0,0.0,False,False,False,0,
replit,Replit OCR endpoint,TUR/TUR_015.jpg,TUR-015,TUR,error,error,0,20,"RuntimeError: Replit OCR выбран, но REPLIT_OCR_URL не задан. Укажите URL OCR-эндпоинта или выберите Marker/DeepSeek/RapidOCR.",False,False,False,False,False,False,False,0,7,0.0,0,0.0,False,False,False,0,
replit,Replit OCR endpoint,TUR/TUR_016.jpg,TUR-016,TUR,error,error,0,20,"RuntimeError: Replit OCR выбран, но REPLIT_OCR_URL не задан. Укажите URL OCR-эндпоинта или выберите Marker/DeepSeek/RapidOCR.",False,False,False,False,False,False,False,0,7,0.0,0,0.0,False,False,False,0,
replit,Replit OCR endpoint,TUR/TUR_017.jpg,TUR-017,TUR,error,error,0,20,"RuntimeError: Replit OCR выбран, но REPLIT_OCR_URL не задан. Укажите URL OCR-эндпоинта или выберите Marker/DeepSeek/RapidOCR.",False,False,False,False,False,False,False,0,7,0.0,0,0.0,False,False,False,0,
replit,Replit OCR endpoint,TUR/TUR_018.jpg,TUR-018,TUR,error,error,0,19,"RuntimeError: Replit OCR выбран, но REPLIT_OCR_URL не задан. Укажите URL OCR-эндпоинта или выберите Marker/DeepSeek/RapidOCR.",False,False,False,False,False,False,False,0,7,0.0,0,0.0,False,False,False,0,
replit,Replit OCR endpoint,TUR/TUR_019.jpg,TUR-019,TUR,error,error,0,20,"RuntimeError: Replit OCR выбран, но REPLIT_OCR_URL не задан. Укажите URL OCR-эндпоинта или выберите Marker/DeepSeek/RapidOCR.",False,False,False,False,False,False,False,0,7,0.0,0,0.0,False,False,False,0,
replit,Replit OCR endpoint,TUR/TUR_020.jpg,TUR-020,TUR,error,error,0,19,"RuntimeError: Replit OCR выбран, но REPLIT_OCR_URL не задан. Укажите URL OCR-эндпоинта или выберите Marker/DeepSeek/RapidOCR.",False,False,False,False,False,False,False,0,7,0.0,0,0.0,False,False,False,0,
replit,Replit OCR endpoint,TUR/TUR_021.jpg,TUR-021,TUR,error,error,0,19,"RuntimeError: Replit OCR выбран, но REPLIT_OCR_URL не задан. Укажите URL OCR-эндпоинта или выберите Marker/DeepSeek/RapidOCR.",False,False,False,False,False,False,False,0,7,0.0,0,0.0,False,False,False,0,
replit,Replit OCR endpoint,TUR/TUR_022.jpg,TUR-022,TUR,error,error,0,20,"RuntimeError: Replit OCR выбран, но REPLIT_OCR_URL не задан. Укажите URL OCR-эндпоинта или выберите Marker/DeepSeek/RapidOCR.",False,False,False,False,False,False,False,0,7,0.0,0,0.0,False,False,False,0,
replit,Replit OCR endpoint,TUR/TUR_023.jpg,TUR-023,TUR,error,error,0,20,"RuntimeError: Replit OCR выбран, но REPLIT_OCR_URL не задан. Укажите URL OCR-эндпоинта или выберите Marker/DeepSeek/RapidOCR.",False,False,False,False,False,False,False,0,7,0.0,0,0.0,False,False,False,0,
replit,Replit OCR endpoint,TUR/TUR_024.jpg,TUR-024,TUR,error,error,0,19,"RuntimeError: Replit OCR выбран, но REPLIT_OCR_URL не задан. Укажите URL OCR-эндпоинта или выберите Marker/DeepSeek/RapidOCR.",False,False,False,False,False,False,False,0,7,0.0,0,0.0,False,False,False,0,
replit,Replit OCR endpoint,TUR/TUR_025.jpg,TUR-025,TUR,error,error,0,19,"RuntimeError: Replit OCR выбран, но REPLIT_OCR_URL не задан. Укажите URL OCR-эндпоинта или выберите Marker/DeepSeek/RapidOCR.",False,False,False,False,False,False,False,0,7,0.0,0,0.0,False,False,False,0,
replit,Replit OCR endpoint,TUR/TUR_026.jpg,TUR-026,TUR,error,error,0,19,"RuntimeError: Replit OCR выбран, но REPLIT_OCR_URL не задан. Укажите URL OCR-эндпоинта или выберите Marker/DeepSeek/RapidOCR.",False,False,False,False,False,False,False,0,7,0.0,0,0.0,False,False,False,0,
replit,Replit OCR endpoint,TUR/TUR_027.jpg,TUR-027,TUR,error,error,0,19,"RuntimeError: Replit OCR выбран, но REPLIT_OCR_URL не задан. Укажите URL OCR-эндпоинта или выберите Marker/DeepSeek/RapidOCR.",False,False,False,False,False,False,False,0,7,0.0,0,0.0,False,False,False,0,
replit,Replit OCR endpoint,TUR/TUR_028.jpg,TUR-028,TUR,error,error,0,19,"RuntimeError: Replit OCR выбран, но REPLIT_OCR_URL не задан. Укажите URL OCR-эндпоинта или выберите Marker/DeepSeek/RapidOCR.",False,False,False,False,False,False,False,0,7,0.0,0,0.0,False,False,False,0,
replit,Replit OCR endpoint,TUR/TUR_029.jpg,TUR-029,TUR,error,error,0,20,"RuntimeError: Replit OCR выбран, но REPLIT_OCR_URL не задан. Укажите URL OCR-эндпоинта или выберите Marker/DeepSeek/RapidOCR.",False,False,False,False,False,False,False,0,7,0.0,0,0.0,False,False,False,0,
replit,Replit OCR endpoint,TUR/TUR_030.jpg,TUR-030,TUR,error,error,0,18,"RuntimeError: Replit OCR выбран, но REPLIT_OCR_URL не задан. Укажите URL OCR-эндпоинта или выберите Marker/DeepSeek/RapidOCR.",False,False,False,False,False,False,False,0,7,0.0,0,0.0,False,False,False,0,
replit,Replit OCR endpoint,TUR/TUR_031.jpg,TUR-031,TUR,error,error,0,20,"RuntimeError: Replit OCR выбран, но REPLIT_OCR_URL не задан. Укажите URL OCR-эндпоинта или выберите Marker/DeepSeek/RapidOCR.",False,False,False,False,False,False,False,0,7,0.0,0,0.0,False,False,False,0,
replit,Replit OCR endpoint,TUR/TUR_032.jpg,TUR-032,TUR,error,error,0,20,"RuntimeError: Replit OCR выбран, но REPLIT_OCR_URL не задан. Укажите URL OCR-эндпоинта или выберите Marker/DeepSeek/RapidOCR.",False,False,False,False,False,False,False,0,7,0.0,0,0.0,False,False,False,0,
replit,Replit OCR endpoint,TUR/TUR_033.jpg,TUR-033,TUR,error,error,0,20,"RuntimeError: Replit OCR выбран, но REPLIT_OCR_URL не задан. Укажите URL OCR-эндпоинта или выберите Marker/DeepSeek/RapidOCR.",False,False,False,False,False,False,False,0,7,0.0,0,0.0,False,False,False,0,
replit,Replit OCR endpoint,TUR/TUR_034.jpg,TUR-034,TUR,error,error,0,19,"RuntimeError: Replit OCR выбран, но REPLIT_OCR_URL не задан. Укажите URL OCR-эндпоинта или выберите Marker/DeepSeek/RapidOCR.",False,False,False,False,False,False,False,0,7,0.0,0,0.0,False,False,False,0,
replit,Replit OCR endpoint,TUR/TUR_035.jpg,TUR-035,TUR,error,error,0,21,"RuntimeError: Replit OCR выбран, но REPLIT_OCR_URL не задан. Укажите URL OCR-эндпоинта или выберите Marker/DeepSeek/RapidOCR.",False,False,False,False,False,False,False,0,7,0.0,0,0.0,False,False,False,0,
replit,Replit OCR endpoint,TUR/TUR_036.jpg,TUR-036,TUR,error,error,0,21,"RuntimeError: Replit OCR выбран, но REPLIT_OCR_URL не задан. Укажите URL OCR-эндпоинта или выберите Marker/DeepSeek/RapidOCR.",False,False,False,False,False,False,False,0,7,0.0,0,0.0,False,False,False,0,
replit,Replit OCR endpoint,TUR/TUR_037.jpg,TUR-037,TUR,error,error,0,21,"RuntimeError: Replit OCR выбран, но REPLIT_OCR_URL не задан. Укажите URL OCR-эндпоинта или выберите Marker/DeepSeek/RapidOCR.",False,False,False,False,False,False,False,0,7,0.0,0,0.0,False,False,False,0,
replit,Replit OCR endpoint,TUR/TUR_038.jpg,TUR-038,TUR,error,error,0,20,"RuntimeError: Replit OCR выбран, но REPLIT_OCR_URL не задан. Укажите URL OCR-эндпоинта или выберите Marker/DeepSeek/RapidOCR.",False,False,False,False,False,False,False,0,7,0.0,0,0.0,False,False,False,0,
replit,Replit OCR endpoint,TUR/TUR_039.jpg,TUR-039,TUR,error,error,0,19,"RuntimeError: Replit OCR выбран, но REPLIT_OCR_URL не задан. Укажите URL OCR-эндпоинта или выберите Marker/DeepSeek/RapidOCR.",False,False,False,False,False,False,False,0,7,0.0,0,0.0,False,False,False,0,
replit,Replit OCR endpoint,TUR/TUR_040.jpg,TUR-040,TUR,error,error,0,19,"RuntimeError: Replit OCR выбран, но REPLIT_OCR_URL не задан. Укажите URL OCR-эндпоинта или выберите Marker/DeepSeek/RapidOCR.",False,False,False,False,False,False,False,0,7,0.0,0,0.0,False,False,False,0,
replit,Replit OCR endpoint,TUR/TUR_041.jpg,TUR-041,TUR,error,error,0,20,"RuntimeError: Replit OCR выбран, но REPLIT_OCR_URL не задан. Укажите URL OCR-эндпоинта или выберите Marker/DeepSeek/RapidOCR.",False,False,False,False,False,False,False,0,7,0.0,0,0.0,False,False,False,0,
replit,Replit OCR endpoint,TUR/TUR_042.jpg,TUR-042,TUR,error,error,0,20,"RuntimeError: Replit OCR выбран, но REPLIT_OCR_URL не задан. Укажите URL OCR-эндпоинта или выберите Marker/DeepSeek/RapidOCR.",False,False,False,False,False,False,False,0,7,0.0,0,0.0,False,False,False,0,
replit,Replit OCR endpoint,TUR/TUR_043.jpg,TUR-043,TUR,error,error,0,19,"RuntimeError: Replit OCR выбран, но REPLIT_OCR_URL не задан. Укажите URL OCR-эндпоинта или выберите Marker/DeepSeek/RapidOCR.",False,False,False,False,False,False,False,0,7,0.0,0,0.0,False,False,False,0,
replit,Replit OCR endpoint,TUR/TUR_044.jpg,TUR-044,TUR,error,error,0,21,"RuntimeError: Replit OCR выбран, но REPLIT_OCR_URL не задан. Укажите URL OCR-эндпоинта или выберите Marker/DeepSeek/RapidOCR.",False,False,False,False,False,False,False,0,7,0.0,0,0.0,False,False,False,0,
replit,Replit OCR endpoint,TUR/TUR_045.jpg,TUR-045,TUR,error,error,0,20,"RuntimeError: Replit OCR выбран, но REPLIT_OCR_URL не задан. Укажите URL OCR-эндпоинта или выберите Marker/DeepSeek/RapidOCR.",False,False,False,False,False,False,False,0,7,0.0,0,0.0,False,False,False,0,
replit,Replit OCR endpoint,TUR/TUR_046.jpg,TUR-046,TUR,error,error,0,21,"RuntimeError: Replit OCR выбран, но REPLIT_OCR_URL не задан. Укажите URL OCR-эндпоинта или выберите Marker/DeepSeek/RapidOCR.",False,False,False,False,False,False,False,0,7,0.0,0,0.0,False,False,False,0,
replit,Replit OCR endpoint,TUR/TUR_047.jpg,TUR-047,TUR,error,error,0,20,"RuntimeError: Replit OCR выбран, но REPLIT_OCR_URL не задан. Укажите URL OCR-эндпоинта или выберите Marker/DeepSeek/RapidOCR.",False,False,False,False,False,False,False,0,7,0.0,0,0.0,False,False,False,0,
replit,Replit OCR endpoint,TUR/TUR_048.jpg,TUR-048,TUR,error,error,0,20,"RuntimeError: Replit OCR выбран, но REPLIT_OCR_URL не задан. Укажите URL OCR-эндпоинта или выберите Marker/DeepSeek/RapidOCR.",False,False,False,False,False,False,False,0,7,0.0,0,0.0,False,False,False,0,
replit,Replit OCR endpoint,TUR/TUR_049.jpg,TUR-049,TUR,error,error,0,21,"RuntimeError: Replit OCR выбран, но REPLIT_OCR_URL не задан. Укажите URL OCR-эндпоинта или выберите Marker/DeepSeek/RapidOCR.",False,False,False,False,False,False,False,0,7,0.0,0,0.0,False,False,False,0,
replit,Replit OCR endpoint,TUR/TUR_050.jpg,TUR-050,TUR,error,error,0,20,"RuntimeError: Replit OCR выбран, но REPLIT_OCR_URL не задан. Укажите URL OCR-эндпоинта или выберите Marker/DeepSeek/RapidOCR.",False,False,False,False,False,False,False,0,7,0.0,0,0.0,False,False,False,0,
replit,Replit OCR endpoint,KAZ/KAZ_001.jpg,KAZ-001,KAZ,error,error,0,21,"RuntimeError: Replit OCR выбран, но REPLIT_OCR_URL не задан. Укажите URL OCR-эндпоинта или выберите Marker/DeepSeek/RapidOCR.",False,False,False,False,False,False,False,0,7,0.0,0,0.0,False,False,False,0,
replit,Replit OCR endpoint,KAZ/KAZ_002.jpg,KAZ-002,KAZ,error,error,0,20,"RuntimeError: Replit OCR выбран, но REPLIT_OCR_URL не задан. Укажите URL OCR-эндпоинта или выберите Marker/DeepSeek/RapidOCR.",False,False,False,False,False,False,False,0,7,0.0,0,0.0,False,False,False,0,
replit,Replit OCR endpoint,KAZ/KAZ_003.jpg,KAZ-003,KAZ,error,error,0,21,"RuntimeError: Replit OCR выбран, но REPLIT_OCR_URL не задан. Укажите URL OCR-эндпоинта или выберите Marker/DeepSeek/RapidOCR.",False,False,False,False,False,False,False,0,7,0.0,0,0.0,False,False,False,0,
replit,Replit OCR endpoint,KAZ/KAZ_004.jpg,KAZ-004,KAZ,error,error,0,20,"RuntimeError: Replit OCR выбран, но REPLIT_OCR_URL не задан. Укажите URL OCR-эндпоинта или выберите Marker/DeepSeek/RapidOCR.",False,False,False,False,False,False,False,0,7,0.0,0,0.0,False,False,False,0,
replit,Replit OCR endpoint,KAZ/KAZ_005.jpg,KAZ-005,KAZ,error,error,0,20,"RuntimeError: Replit OCR выбран, но REPLIT_OCR_URL не задан. Укажите URL OCR-эндпоинта или выберите Marker/DeepSeek/RapidOCR.",False,False,False,False,False,False,False,0,7,0.0,0,0.0,False,False,False,0,
replit,Replit OCR endpoint,KAZ/KAZ_006.jpg,KAZ-006,KAZ,error,error,0,20,"RuntimeError: Replit OCR выбран, но REPLIT_OCR_URL не задан. Укажите URL OCR-эндпоинта или выберите Marker/DeepSeek/RapidOCR.",False,False,False,False,False,False,False,0,7,0.0,0,0.0,False,False,False,0,
replit,Replit OCR endpoint,KAZ/KAZ_007.jpg,KAZ-007,KAZ,error,error,0,20,"RuntimeError: Replit OCR выбран, но REPLIT_OCR_URL не задан. Укажите URL OCR-эндпоинта или выберите Marker/DeepSeek/RapidOCR.",False,False,False,False,False,False,False,0,7,0.0,0,0.0,False,False,False,0,
replit,Replit OCR endpoint,KAZ/KAZ_008.jpg,KAZ-008,KAZ,error,error,0,21,"RuntimeError: Replit OCR выбран, но REPLIT_OCR_URL не задан. Укажите URL OCR-эндпоинта или выберите Marker/DeepSeek/RapidOCR.",False,False,False,False,False,False,False,0,7,0.0,0,0.0,False,False,False,0,
replit,Replit OCR endpoint,KAZ/KAZ_009.jpg,KAZ-009,KAZ,error,error,0,23,"RuntimeError: Replit OCR выбран, но REPLIT_OCR_URL не задан. Укажите URL OCR-эндпоинта или выберите Marker/DeepSeek/RapidOCR.",False,False,False,False,False,False,False,0,7,0.0,0,0.0,False,False,False,0,
replit,Replit OCR endpoint,KAZ/KAZ_010.jpg,KAZ-010,KAZ,error,error,0,20,"RuntimeError: Replit OCR выбран, но REPLIT_OCR_URL не задан. Укажите URL OCR-эндпоинта или выберите Marker/DeepSeek/RapidOCR.",False,False,False,False,False,False,False,0,7,0.0,0,0.0,False,False,False,0,
replit,Replit OCR endpoint,KAZ/KAZ_011.jpg,KAZ-011,KAZ,error,error,0,21,"RuntimeError: Replit OCR выбран, но REPLIT_OCR_URL не задан. Укажите URL OCR-эндпоинта или выберите Marker/DeepSeek/RapidOCR.",False,False,False,False,False,False,False,0,7,0.0,0,0.0,False,False,False,0,
replit,Replit OCR endpoint,KAZ/KAZ_012.jpg,KAZ-012,KAZ,error,error,0,21,"RuntimeError: Replit OCR выбран, но REPLIT_OCR_URL не задан. Укажите URL OCR-эндпоинта или выберите Marker/DeepSeek/RapidOCR.",False,False,False,False,False,False,False,0,7,0.0,0,0.0,False,False,False,0,
replit,Replit OCR endpoint,KAZ/KAZ_013.jpg,KAZ-013,KAZ,error,error,0,20,"RuntimeError: Replit OCR выбран, но REPLIT_OCR_URL не задан. Укажите URL OCR-эндпоинта или выберите Marker/DeepSeek/RapidOCR.",False,False,False,False,False,False,False,0,7,0.0,0,0.0,False,False,False,0,
replit,Replit OCR endpoint,KAZ/KAZ_014.jpg,KAZ-014,KAZ,error,error,0,21,"RuntimeError: Replit OCR выбран, но REPLIT_OCR_URL не задан. Укажите URL OCR-эндпоинта или выберите Marker/DeepSeek/RapidOCR.",False,False,False,False,False,False,False,0,7,0.0,0,0.0,False,False,False,0,
replit,Replit OCR endpoint,KAZ/KAZ_015.jpg,KAZ-015,KAZ,error,error,0,21,"RuntimeError: Replit OCR выбран, но REPLIT_OCR_URL не задан. Укажите URL OCR-эндпоинта или выберите Marker/DeepSeek/RapidOCR.",False,False,False,False,False,False,False,0,7,0.0,0,0.0,False,False,False,0,
replit,Replit OCR endpoint,KAZ/KAZ_016.jpg,KAZ-016,KAZ,error,error,0,21,"RuntimeError: Replit OCR выбран, но REPLIT_OCR_URL не задан. Укажите URL OCR-эндпоинта или выберите Marker/DeepSeek/RapidOCR.",False,False,False,False,False,False,False,0,7,0.0,0,0.0,False,False,False,0,
replit,Replit OCR endpoint,KAZ/KAZ_017.jpg,KAZ-017,KAZ,error,error,0,21,"RuntimeError: Replit OCR выбран, но REPLIT_OCR_URL не задан. Укажите URL OCR-эндпоинта или выберите Marker/DeepSeek/RapidOCR.",False,False,False,False,False,False,False,0,7,0.0,0,0.0,False,False,False,0,
replit,Replit OCR endpoint,KAZ/KAZ_018.jpg,KAZ-018,KAZ,error,error,0,20,"RuntimeError: Replit OCR выбран, но REPLIT_OCR_URL не задан. Укажите URL OCR-эндпоинта или выберите Marker/DeepSeek/RapidOCR.",False,False,False,False,False,False,False,0,7,0.0,0,0.0,False,False,False,0,
replit,Replit OCR endpoint,KAZ/KAZ_019.jpg,KAZ-019,KAZ,error,error,0,20,"RuntimeError: Replit OCR выбран, но REPLIT_OCR_URL не задан. Укажите URL OCR-эндпоинта или выберите Marker/DeepSeek/RapidOCR.",False,False,False,False,False,False,False,0,7,0.0,0,0.0,False,False,False,0,
replit,Replit OCR endpoint,KAZ/KAZ_020.jpg,KAZ-020,KAZ,error,error,0,20,"RuntimeError: Replit OCR выбран, но REPLIT_OCR_URL не задан. Укажите URL OCR-эндпоинта или выберите Marker/DeepSeek/RapidOCR.",False,False,False,False,False,False,False,0,7,0.0,0,0.0,False,False,False,0,
replit,Replit OCR endpoint,KAZ/KAZ_021.jpg,KAZ-021,KAZ,error,error,0,21,"RuntimeError: Replit OCR выбран, но REPLIT_OCR_URL не задан. Укажите URL OCR-эндпоинта или выберите Marker/DeepSeek/RapidOCR.",False,False,False,False,False,False,False,0,7,0.0,0,0.0,False,False,False,0,
replit,Replit OCR endpoint,KAZ/KAZ_022.jpg,KAZ-022,KAZ,error,error,0,21,"RuntimeError: Replit OCR выбран, но REPLIT_OCR_URL не задан. Укажите URL OCR-эндпоинта или выберите Marker/DeepSeek/RapidOCR.",False,False,False,False,False,False,False,0,7,0.0,0,0.0,False,False,False,0,
replit,Replit OCR endpoint,KAZ/KAZ_023.jpg,KAZ-023,KAZ,error,error,0,21,"RuntimeError: Replit OCR выбран, но REPLIT_OCR_URL не задан. Укажите URL OCR-эндпоинта или выберите Marker/DeepSeek/RapidOCR.",False,False,False,False,False,False,False,0,7,0.0,0,0.0,False,False,False,0,
replit,Replit OCR endpoint,KAZ/KAZ_024.jpg,KAZ-024,KAZ,error,error,0,21,"RuntimeError: Replit OCR выбран, но REPLIT_OCR_URL не задан. Укажите URL OCR-эндпоинта или выберите Marker/DeepSeek/RapidOCR.",False,False,False,False,False,False,False,0,7,0.0,0,0.0,False,False,False,0,
replit,Replit OCR endpoint,KAZ/KAZ_025.jpg,KAZ-025,KAZ,error,error,0,21,"RuntimeError: Replit OCR выбран, но REPLIT_OCR_URL не задан. Укажите URL OCR-эндпоинта или выберите Marker/DeepSeek/RapidOCR.",False,False,False,False,False,False,False,0,7,0.0,0,0.0,False,False,False,0,
replit,Replit OCR endpoint,KAZ/KAZ_026.jpg,KAZ-026,KAZ,error,error,0,21,"RuntimeError: Replit OCR выбран, но REPLIT_OCR_URL не задан. Укажите URL OCR-эндпоинта или выберите Marker/DeepSeek/RapidOCR.",False,False,False,False,False,False,False,0,7,0.0,0,0.0,False,False,False,0,
replit,Replit OCR endpoint,KAZ/KAZ_027.jpg,KAZ-027,KAZ,error,error,0,20,"RuntimeError: Replit OCR выбран, но REPLIT_OCR_URL не задан. Укажите URL OCR-эндпоинта или выберите Marker/DeepSeek/RapidOCR.",False,False,False,False,False,False,False,0,7,0.0,0,0.0,False,False,False,0,
replit,Replit OCR endpoint,KAZ/KAZ_028.jpg,KAZ-028,KAZ,error,error,0,21,"RuntimeError: Replit OCR выбран, но REPLIT_OCR_URL не задан. Укажите URL OCR-эндпоинта или выберите Marker/DeepSeek/RapidOCR.",False,False,False,False,False,False,False,0,7,0.0,0,0.0,False,False,False,0,
replit,Replit OCR endpoint,KAZ/KAZ_029.jpg,KAZ-029,KAZ,error,error,0,22,"RuntimeError: Replit OCR выбран, но REPLIT_OCR_URL не задан. Укажите URL OCR-эндпоинта или выберите Marker/DeepSeek/RapidOCR.",False,False,False,False,False,False,False,0,7,0.0,0,0.0,False,False,False,0,
replit,Replit OCR endpoint,KAZ/KAZ_030.jpg,KAZ-030,KAZ,error,error,0,21,"RuntimeError: Replit OCR выбран, но REPLIT_OCR_URL не задан. Укажите URL OCR-эндпоинта или выберите Marker/DeepSeek/RapidOCR.",False,False,False,False,False,False,False,0,7,0.0,0,0.0,False,False,False,0,
replit,Replit OCR endpoint,KAZ/KAZ_031.jpg,KAZ-031,KAZ,error,error,0,22,"RuntimeError: Replit OCR выбран, но REPLIT_OCR_URL не задан. Укажите URL OCR-эндпоинта или выберите Marker/DeepSeek/RapidOCR.",False,False,False,False,False,False,False,0,7,0.0,0,0.0,False,False,False,0,
replit,Replit OCR endpoint,KAZ/KAZ_032.jpg,KAZ-032,KAZ,error,error,0,21,"RuntimeError: Replit OCR выбран, но REPLIT_OCR_URL не задан. Укажите URL OCR-эндпоинта или выберите Marker/DeepSeek/RapidOCR.",False,False,False,False,False,False,False,0,7,0.0,0,0.0,False,False,False,0,
replit,Replit OCR endpoint,KAZ/KAZ_033.jpg,KAZ-033,KAZ,error,error,0,20,"RuntimeError: Replit OCR выбран, но REPLIT_OCR_URL не задан. Укажите URL OCR-эндпоинта или выберите Marker/DeepSeek/RapidOCR.",False,False,False,False,False,False,False,0,7,0.0,0,0.0,False,False,False,0,
replit,Replit OCR endpoint,KAZ/KAZ_034.jpg,KAZ-034,KAZ,error,error,0,20,"RuntimeError: Replit OCR выбран, но REPLIT_OCR_URL не задан. Укажите URL OCR-эндпоинта или выберите Marker/DeepSeek/RapidOCR.",False,False,False,False,False,False,False,0,7,0.0,0,0.0,False,False,False,0,
replit,Replit OCR endpoint,KAZ/KAZ_035.jpg,KAZ-035,KAZ,error,error,0,20,"RuntimeError: Replit OCR выбран, но REPLIT_OCR_URL не задан. Укажите URL OCR-эндпоинта или выберите Marker/DeepSeek/RapidOCR.",False,False,False,False,False,False,False,0,7,0.0,0,0.0,False,False,False,0,
replit,Replit OCR endpoint,KAZ/KAZ_036.jpg,KAZ-036,KAZ,error,error,0,21,"RuntimeError: Replit OCR выбран, но REPLIT_OCR_URL не задан. Укажите URL OCR-эндпоинта или выберите Marker/DeepSeek/RapidOCR.",False,False,False,False,False,False,False,0,7,0.0,0,0.0,False,False,False,0,
replit,Replit OCR endpoint,KAZ/KAZ_037.jpg,KAZ-037,KAZ,error,error,0,22,"RuntimeError: Replit OCR выбран, но REPLIT_OCR_URL не задан. Укажите URL OCR-эндпоинта или выберите Marker/DeepSeek/RapidOCR.",False,False,False,False,False,False,False,0,7,0.0,0,0.0,False,False,False,0,
replit,Replit OCR endpoint,KAZ/KAZ_038.jpg,KAZ-038,KAZ,error,error,0,21,"RuntimeError: Replit OCR выбран, но REPLIT_OCR_URL не задан. Укажите URL OCR-эндпоинта или выберите Marker/DeepSeek/RapidOCR.",False,False,False,False,False,False,False,0,7,0.0,0,0.0,False,False,False,0,
replit,Replit OCR endpoint,KAZ/KAZ_039.jpg,KAZ-039,KAZ,error,error,0,20,"RuntimeError: Replit OCR выбран, но REPLIT_OCR_URL не задан. Укажите URL OCR-эндпоинта или выберите Marker/DeepSeek/RapidOCR.",False,False,False,False,False,False,False,0,7,0.0,0,0.0,False,False,False,0,
replit,Replit OCR endpoint,KAZ/KAZ_040.jpg,KAZ-040,KAZ,error,error,0,21,"RuntimeError: Replit OCR выбран, но REPLIT_OCR_URL не задан. Укажите URL OCR-эндпоинта или выберите Marker/DeepSeek/RapidOCR.",False,False,False,False,False,False,False,0,7,0.0,0,0.0,False,False,False,0,
replit,Replit OCR endpoint,KAZ/KAZ_041.jpg,KAZ-041,KAZ,error,error,0,21,"RuntimeError: Replit OCR выбран, но REPLIT_OCR_URL не задан. Укажите URL OCR-эндпоинта или выберите Marker/DeepSeek/RapidOCR.",False,False,False,False,False,False,False,0,7,0.0,0,0.0,False,False,False,0,
replit,Replit OCR endpoint,KAZ/KAZ_042.jpg,KAZ-042,KAZ,error,error,0,20,"RuntimeError: Replit OCR выбран, но REPLIT_OCR_URL не задан. Укажите URL OCR-эндпоинта или выберите Marker/DeepSeek/RapidOCR.",False,False,False,False,False,False,False,0,7,0.0,0,0.0,False,False,False,0,
replit,Replit OCR endpoint,KAZ/KAZ_043.jpg,KAZ-043,KAZ,error,error,0,20,"RuntimeError: Replit OCR выбран, но REPLIT_OCR_URL не задан. Укажите URL OCR-эндпоинта или выберите Marker/DeepSeek/RapidOCR.",False,False,False,False,False,False,False,0,7,0.0,0,0.0,False,False,False,0,
replit,Replit OCR endpoint,KAZ/KAZ_044.jpg,KAZ-044,KAZ,error,error,0,21,"RuntimeError: Replit OCR выбран, но REPLIT_OCR_URL не задан. Укажите URL OCR-эндпоинта или выберите Marker/DeepSeek/RapidOCR.",False,False,False,False,False,False,False,0,7,0.0,0,0.0,False,False,False,0,
replit,Replit OCR endpoint,KAZ/KAZ_045.jpg,KAZ-045,KAZ,error,error,0,21,"RuntimeError: Replit OCR выбран, но REPLIT_OCR_URL не задан. Укажите URL OCR-эндпоинта или выберите Marker/DeepSeek/RapidOCR.",False,False,False,False,False,False,False,0,7,0.0,0,0.0,False,False,False,0,
replit,Replit OCR endpoint,KAZ/KAZ_046.jpg,KAZ-046,KAZ,error,error,0,21,"RuntimeError: Replit OCR выбран, но REPLIT_OCR_URL не задан. Укажите URL OCR-эндпоинта или выберите Marker/DeepSeek/RapidOCR.",False,False,False,False,False,False,False,0,7,0.0,0,0.0,False,False,False,0,
replit,Replit OCR endpoint,KAZ/KAZ_047.jpg,KAZ-047,KAZ,error,error,0,21,"RuntimeError: Replit OCR выбран, но REPLIT_OCR_URL не задан. Укажите URL OCR-эндпоинта или выберите Marker/DeepSeek/RapidOCR.",False,False,False,False,False,False,False,0,7,0.0,0,0.0,False,False,False,0,
replit,Replit OCR endpoint,KAZ/KAZ_048.jpg,KAZ-048,KAZ,error,error,0,20,"RuntimeError: Replit OCR выбран, но REPLIT_OCR_URL не задан. Укажите URL OCR-эндпоинта или выберите Marker/DeepSeek/RapidOCR.",False,False,False,False,False,False,False,0,7,0.0,0,0.0,False,False,False,0,
replit,Replit OCR endpoint,KAZ/KAZ_049.jpg,KAZ-049,KAZ,error,error,0,20,"RuntimeError: Replit OCR выбран, но REPLIT_OCR_URL не задан. Укажите URL OCR-эндпоинта или выберите Marker/DeepSeek/RapidOCR.",False,False,False,False,False,False,False,0,7,0.0,0,0.0,False,False,False,0,
replit,Replit OCR endpoint,KAZ/KAZ_050.jpg,KAZ-050,KAZ,error,error,0,20,"RuntimeError: Replit OCR выбран, но REPLIT_OCR_URL не задан. Укажите URL OCR-эндпоинта или выберите Marker/DeepSeek/RapidOCR.",False,False,False,False,False,False,False,0,7,0.0,0,0.0,False,False,False,0,
replit,Replit OCR endpoint,TJK/TJK_001.jpg,TJK-001,TJK,error,error,0,23,"RuntimeError: Replit OCR выбран, но REPLIT_OCR_URL не задан. Укажите URL OCR-эндпоинта или выберите Marker/DeepSeek/RapidOCR.",False,False,False,False,False,False,False,0,7,0.0,0,0.0,False,False,False,0,
replit,Replit OCR endpoint,TJK/TJK_002.jpg,TJK-002,TJK,error,error,0,20,"RuntimeError: Replit OCR выбран, но REPLIT_OCR_URL не задан. Укажите URL OCR-эндпоинта или выберите Marker/DeepSeek/RapidOCR.",False,False,False,False,False,False,False,0,7,0.0,0,0.0,False,False,False,0,
replit,Replit OCR endpoint,TJK/TJK_003.jpg,TJK-003,TJK,error,error,0,20,"RuntimeError: Replit OCR выбран, но REPLIT_OCR_URL не задан. Укажите URL OCR-эндпоинта или выберите Marker/DeepSeek/RapidOCR.",False,False,False,False,False,False,False,0,7,0.0,0,0.0,False,False,False,0,
replit,Replit OCR endpoint,TJK/TJK_004.jpg,TJK-004,TJK,error,error,0,20,"RuntimeError: Replit OCR выбран, но REPLIT_OCR_URL не задан. Укажите URL OCR-эндпоинта или выберите Marker/DeepSeek/RapidOCR.",False,False,False,False,False,False,False,0,7,0.0,0,0.0,False,False,False,0,
replit,Replit OCR endpoint,TJK/TJK_005.jpg,TJK-005,TJK,error,error,0,20,"RuntimeError: Replit OCR выбран, но REPLIT_OCR_URL не задан. Укажите URL OCR-эндпоинта или выберите Marker/DeepSeek/RapidOCR.",False,False,False,False,False,False,False,0,7,0.0,0,0.0,False,False,False,0,
replit,Replit OCR endpoint,TJK/TJK_006.jpg,TJK-006,TJK,error,error,0,21,"RuntimeError: Replit OCR выбран, но REPLIT_OCR_URL не задан. Укажите URL OCR-эндпоинта или выберите Marker/DeepSeek/RapidOCR.",False,False,False,False,False,False,False,0,7,0.0,0,0.0,False,False,False,0,
replit,Replit OCR endpoint,TJK/TJK_007.jpg,TJK-007,TJK,error,error,0,20,"RuntimeError: Replit OCR выбран, но REPLIT_OCR_URL не задан. Укажите URL OCR-эндпоинта или выберите Marker/DeepSeek/RapidOCR.",False,False,False,False,False,False,False,0,7,0.0,0,0.0,False,False,False,0,
replit,Replit OCR endpoint,TJK/TJK_008.jpg,TJK-008,TJK,error,error,0,21,"RuntimeError: Replit OCR выбран, но REPLIT_OCR_URL не задан. Укажите URL OCR-эндпоинта или выберите Marker/DeepSeek/RapidOCR.",False,False,False,False,False,False,False,0,7,0.0,0,0.0,False,False,False,0,
replit,Replit OCR endpoint,TJK/TJK_009.jpg,TJK-009,TJK,error,error,0,20,"RuntimeError: Replit OCR выбран, но REPLIT_OCR_URL не задан. Укажите URL OCR-эндпоинта или выберите Marker/DeepSeek/RapidOCR.",False,False,False,False,False,False,False,0,7,0.0,0,0.0,False,False,False,0,
replit,Replit OCR endpoint,TJK/TJK_010.jpg,TJK-010,TJK,error,error,0,20,"RuntimeError: Replit OCR выбран, но REPLIT_OCR_URL не задан. Укажите URL OCR-эндпоинта или выберите Marker/DeepSeek/RapidOCR.",False,False,False,False,False,False,False,0,7,0.0,0,0.0,False,False,False,0,
replit,Replit OCR endpoint,TJK/TJK_011.jpg,TJK-011,TJK,error,error,0,21,"RuntimeError: Replit OCR выбран, но REPLIT_OCR_URL не задан. Укажите URL OCR-эндпоинта или выберите Marker/DeepSeek/RapidOCR.",False,False,False,False,False,False,False,0,7,0.0,0,0.0,False,False,False,0,
replit,Replit OCR endpoint,TJK/TJK_012.jpg,TJK-012,TJK,error,error,0,21,"RuntimeError: Replit OCR выбран, но REPLIT_OCR_URL не задан. Укажите URL OCR-эндпоинта или выберите Marker/DeepSeek/RapidOCR.",False,False,False,False,False,False,False,0,7,0.0,0,0.0,False,False,False,0,
replit,Replit OCR endpoint,TJK/TJK_013.jpg,TJK-013,TJK,error,error,0,20,"RuntimeError: Replit OCR выбран, но REPLIT_OCR_URL не задан. Укажите URL OCR-эндпоинта или выберите Marker/DeepSeek/RapidOCR.",False,False,False,False,False,False,False,0,7,0.0,0,0.0,False,False,False,0,
replit,Replit OCR endpoint,TJK/TJK_014.jpg,TJK-014,TJK,error,error,0,19,"RuntimeError: Replit OCR выбран, но REPLIT_OCR_URL не задан. Укажите URL OCR-эндпоинта или выберите Marker/DeepSeek/RapidOCR.",False,False,False,False,False,False,False,0,7,0.0,0,0.0,False,False,False,0,
replit,Replit OCR endpoint,TJK/TJK_015.jpg,TJK-015,TJK,error,error,0,21,"RuntimeError: Replit OCR выбран, но REPLIT_OCR_URL не задан. Укажите URL OCR-эндпоинта или выберите Marker/DeepSeek/RapidOCR.",False,False,False,False,False,False,False,0,7,0.0,0,0.0,False,False,False,0,
replit,Replit OCR endpoint,TJK/TJK_016.jpg,TJK-016,TJK,error,error,0,20,"RuntimeError: Replit OCR выбран, но REPLIT_OCR_URL не задан. Укажите URL OCR-эндпоинта или выберите Marker/DeepSeek/RapidOCR.",False,False,False,False,False,False,False,0,7,0.0,0,0.0,False,False,False,0,
replit,Replit OCR endpoint,TJK/TJK_017.jpg,TJK-017,TJK,error,error,0,20,"RuntimeError: Replit OCR выбран, но REPLIT_OCR_URL не задан. Укажите URL OCR-эндпоинта или выберите Marker/DeepSeek/RapidOCR.",False,False,False,False,False,False,False,0,7,0.0,0,0.0,False,False,False,0,
replit,Replit OCR endpoint,TJK/TJK_018.jpg,TJK-018,TJK,error,error,0,20,"RuntimeError: Replit OCR выбран, но REPLIT_OCR_URL не задан. Укажите URL OCR-эндпоинта или выберите Marker/DeepSeek/RapidOCR.",False,False,False,False,False,False,False,0,7,0.0,0,0.0,False,False,False,0,
replit,Replit OCR endpoint,TJK/TJK_019.jpg,TJK-019,TJK,error,error,0,21,"RuntimeError: Replit OCR выбран, но REPLIT_OCR_URL не задан. Укажите URL OCR-эндпоинта или выберите Marker/DeepSeek/RapidOCR.",False,False,False,False,False,False,False,0,7,0.0,0,0.0,False,False,False,0,
replit,Replit OCR endpoint,TJK/TJK_020.jpg,TJK-020,TJK,error,error,0,21,"RuntimeError: Replit OCR выбран, но REPLIT_OCR_URL не задан. Укажите URL OCR-эндпоинта или выберите Marker/DeepSeek/RapidOCR.",False,False,False,False,False,False,False,0,7,0.0,0,0.0,False,False,False,0,
replit,Replit OCR endpoint,TJK/TJK_021.jpg,TJK-021,TJK,error,error,0,20,"RuntimeError: Replit OCR выбран, но REPLIT_OCR_URL не задан. Укажите URL OCR-эндпоинта или выберите Marker/DeepSeek/RapidOCR.",False,False,False,False,False,False,False,0,7,0.0,0,0.0,False,False,False,0,
replit,Replit OCR endpoint,TJK/TJK_022.jpg,TJK-022,TJK,error,error,0,21,"RuntimeError: Replit OCR выбран, но REPLIT_OCR_URL не задан. Укажите URL OCR-эндпоинта или выберите Marker/DeepSeek/RapidOCR.",False,False,False,False,False,False,False,0,7,0.0,0,0.0,False,False,False,0,
replit,Replit OCR endpoint,TJK/TJK_023.jpg,TJK-023,TJK,error,error,0,20,"RuntimeError: Replit OCR выбран, но REPLIT_OCR_URL не задан. Укажите URL OCR-эндпоинта или выберите Marker/DeepSeek/RapidOCR.",False,False,False,False,False,False,False,0,7,0.0,0,0.0,False,False,False,0,
replit,Replit OCR endpoint,TJK/TJK_024.jpg,TJK-024,TJK,error,error,0,30,"RuntimeError: Replit OCR выбран, но REPLIT_OCR_URL не задан. Укажите URL OCR-эндпоинта или выберите Marker/DeepSeek/RapidOCR.",False,False,False,False,False,False,False,0,7,0.0,0,0.0,False,False,False,0,
replit,Replit OCR endpoint,TJK/TJK_025.jpg,TJK-025,TJK,error,error,0,22,"RuntimeError: Replit OCR выбран, но REPLIT_OCR_URL не задан. Укажите URL OCR-эндпоинта или выберите Marker/DeepSeek/RapidOCR.",False,False,False,False,False,False,False,0,7,0.0,0,0.0,False,False,False,0,
replit,Replit OCR endpoint,TJK/TJK_026.jpg,TJK-026,TJK,error,error,0,20,"RuntimeError: Replit OCR выбран, но REPLIT_OCR_URL не задан. Укажите URL OCR-эндпоинта или выберите Marker/DeepSeek/RapidOCR.",False,False,False,False,False,False,False,0,7,0.0,0,0.0,False,False,False,0,
replit,Replit OCR endpoint,TJK/TJK_027.jpg,TJK-027,TJK,error,error,0,20,"RuntimeError: Replit OCR выбран, но REPLIT_OCR_URL не задан. Укажите URL OCR-эндпоинта или выберите Marker/DeepSeek/RapidOCR.",False,False,False,False,False,False,False,0,7,0.0,0,0.0,False,False,False,0,
replit,Replit OCR endpoint,TJK/TJK_028.jpg,TJK-028,TJK,error,error,0,20,"RuntimeError: Replit OCR выбран, но REPLIT_OCR_URL не задан. Укажите URL OCR-эндпоинта или выберите Marker/DeepSeek/RapidOCR.",False,False,False,False,False,False,False,0,7,0.0,0,0.0,False,False,False,0,
replit,Replit OCR endpoint,TJK/TJK_029.jpg,TJK-029,TJK,error,error,0,21,"RuntimeError: Replit OCR выбран, но REPLIT_OCR_URL не задан. Укажите URL OCR-эндпоинта или выберите Marker/DeepSeek/RapidOCR.",False,False,False,False,False,False,False,0,7,0.0,0,0.0,False,False,False,0,
replit,Replit OCR endpoint,TJK/TJK_030.jpg,TJK-030,TJK,error,error,0,21,"RuntimeError: Replit OCR выбран, но REPLIT_OCR_URL не задан. Укажите URL OCR-эндпоинта или выберите Marker/DeepSeek/RapidOCR.",False,False,False,False,False,False,False,0,7,0.0,0,0.0,False,False,False,0,
replit,Replit OCR endpoint,TJK/TJK_031.jpg,TJK-031,TJK,error,error,0,21,"RuntimeError: Replit OCR выбран, но REPLIT_OCR_URL не задан. Укажите URL OCR-эндпоинта или выберите Marker/DeepSeek/RapidOCR.",False,False,False,False,False,False,False,0,7,0.0,0,0.0,False,False,False,0,
replit,Replit OCR endpoint,TJK/TJK_032.jpg,TJK-032,TJK,error,error,0,21,"RuntimeError: Replit OCR выбран, но REPLIT_OCR_URL не задан. Укажите URL OCR-эндпоинта или выберите Marker/DeepSeek/RapidOCR.",False,False,False,False,False,False,False,0,7,0.0,0,0.0,False,False,False,0,
replit,Replit OCR endpoint,TJK/TJK_033.jpg,TJK-033,TJK,error,error,0,21,"RuntimeError: Replit OCR выбран, но REPLIT_OCR_URL не задан. Укажите URL OCR-эндпоинта или выберите Marker/DeepSeek/RapidOCR.",False,False,False,False,False,False,False,0,7,0.0,0,0.0,False,False,False,0,
replit,Replit OCR endpoint,TJK/TJK_034.jpg,TJK-034,TJK,error,error,0,19,"RuntimeError: Replit OCR выбран, но REPLIT_OCR_URL не задан. Укажите URL OCR-эндпоинта или выберите Marker/DeepSeek/RapidOCR.",False,False,False,False,False,False,False,0,7,0.0,0,0.0,False,False,False,0,
replit,Replit OCR endpoint,TJK/TJK_035.jpg,TJK-035,TJK,error,error,0,21,"RuntimeError: Replit OCR выбран, но REPLIT_OCR_URL не задан. Укажите URL OCR-эндпоинта или выберите Marker/DeepSeek/RapidOCR.",False,False,False,False,False,False,False,0,7,0.0,0,0.0,False,False,False,0,
replit,Replit OCR endpoint,TJK/TJK_036.jpg,TJK-036,TJK,error,error,0,22,"RuntimeError: Replit OCR выбран, но REPLIT_OCR_URL не задан. Укажите URL OCR-эндпоинта или выберите Marker/DeepSeek/RapidOCR.",False,False,False,False,False,False,False,0,7,0.0,0,0.0,False,False,False,0,
replit,Replit OCR endpoint,TJK/TJK_037.jpg,TJK-037,TJK,error,error,0,20,"RuntimeError: Replit OCR выбран, но REPLIT_OCR_URL не задан. Укажите URL OCR-эндпоинта или выберите Marker/DeepSeek/RapidOCR.",False,False,False,False,False,False,False,0,7,0.0,0,0.0,False,False,False,0,
replit,Replit OCR endpoint,TJK/TJK_038.jpg,TJK-038,TJK,error,error,0,21,"RuntimeError: Replit OCR выбран, но REPLIT_OCR_URL не задан. Укажите URL OCR-эндпоинта или выберите Marker/DeepSeek/RapidOCR.",False,False,False,False,False,False,False,0,7,0.0,0,0.0,False,False,False,0,
replit,Replit OCR endpoint,TJK/TJK_039.jpg,TJK-039,TJK,error,error,0,20,"RuntimeError: Replit OCR выбран, но REPLIT_OCR_URL не задан. Укажите URL OCR-эндпоинта или выберите Marker/DeepSeek/RapidOCR.",False,False,False,False,False,False,False,0,7,0.0,0,0.0,False,False,False,0,
replit,Replit OCR endpoint,TJK/TJK_040.jpg,TJK-040,TJK,error,error,0,20,"RuntimeError: Replit OCR выбран, но REPLIT_OCR_URL не задан. Укажите URL OCR-эндпоинта или выберите Marker/DeepSeek/RapidOCR.",False,False,False,False,False,False,False,0,7,0.0,0,0.0,False,False,False,0,
replit,Replit OCR endpoint,TJK/TJK_041.jpg,TJK-041,TJK,error,error,0,21,"RuntimeError: Replit OCR выбран, но REPLIT_OCR_URL не задан. Укажите URL OCR-эндпоинта или выберите Marker/DeepSeek/RapidOCR.",False,False,False,False,False,False,False,0,7,0.0,0,0.0,False,False,False,0,
replit,Replit OCR endpoint,TJK/TJK_042.jpg,TJK-042,TJK,error,error,0,21,"RuntimeError: Replit OCR выбран, но REPLIT_OCR_URL не задан. Укажите URL OCR-эндпоинта или выберите Marker/DeepSeek/RapidOCR.",False,False,False,False,False,False,False,0,7,0.0,0,0.0,False,False,False,0,
replit,Replit OCR endpoint,TJK/TJK_043.jpg,TJK-043,TJK,error,error,0,20,"RuntimeError: Replit OCR выбран, но REPLIT_OCR_URL не задан. Укажите URL OCR-эндпоинта или выберите Marker/DeepSeek/RapidOCR.",False,False,False,False,False,False,False,0,7,0.0,0,0.0,False,False,False,0,
replit,Replit OCR endpoint,TJK/TJK_044.jpg,TJK-044,TJK,error,error,0,20,"RuntimeError: Replit OCR выбран, но REPLIT_OCR_URL не задан. Укажите URL OCR-эндпоинта или выберите Marker/DeepSeek/RapidOCR.",False,False,False,False,False,False,False,0,7,0.0,0,0.0,False,False,False,0,
replit,Replit OCR endpoint,TJK/TJK_045.jpg,TJK-045,TJK,error,error,0,21,"RuntimeError: Replit OCR выбран, но REPLIT_OCR_URL не задан. Укажите URL OCR-эндпоинта или выберите Marker/DeepSeek/RapidOCR.",False,False,False,False,False,False,False,0,7,0.0,0,0.0,False,False,False,0,
replit,Replit OCR endpoint,TJK/TJK_046.jpg,TJK-046,TJK,error,error,0,20,"RuntimeError: Replit OCR выбран, но REPLIT_OCR_URL не задан. Укажите URL OCR-эндпоинта или выберите Marker/DeepSeek/RapidOCR.",False,False,False,False,False,False,False,0,7,0.0,0,0.0,False,False,False,0,
replit,Replit OCR endpoint,TJK/TJK_047.jpg,TJK-047,TJK,error,error,0,20,"RuntimeError: Replit OCR выбран, но REPLIT_OCR_URL не задан. Укажите URL OCR-эндпоинта или выберите Marker/DeepSeek/RapidOCR.",False,False,False,False,False,False,False,0,7,0.0,0,0.0,False,False,False,0,
replit,Replit OCR endpoint,TJK/TJK_048.jpg,TJK-048,TJK,error,error,0,23,"RuntimeError: Replit OCR выбран, но REPLIT_OCR_URL не задан. Укажите URL OCR-эндпоинта или выберите Marker/DeepSeek/RapidOCR.",False,False,False,False,False,False,False,0,7,0.0,0,0.0,False,False,False,0,
replit,Replit OCR endpoint,TJK/TJK_049.jpg,TJK-049,TJK,error,error,0,21,"RuntimeError: Replit OCR выбран, но REPLIT_OCR_URL не задан. Укажите URL OCR-эндпоинта или выберите Marker/DeepSeek/RapidOCR.",False,False,False,False,False,False,False,0,7,0.0,0,0.0,False,False,False,0,
replit,Replit OCR endpoint,TJK/TJK_050.jpg,TJK-050,TJK,error,error,0,20,"RuntimeError: Replit OCR выбран, но REPLIT_OCR_URL не задан. Укажите URL OCR-эндпоинта или выберите Marker/DeepSeek/RapidOCR.",False,False,False,False,False,False,False,0,7,0.0,0,0.0,False,False,False,0,
